,SERIAL NO,NAME,CATEGORY,DESCRIPTION & COLOR,FABRIC,IMAGE,SIZE,PRICE,PRODUCT ID,WEBSITE,PRODUCT URL
0,594,Pacific Gold Men Black & Brown Reversible Leather Belt,accessories,"Pacific Gold Men Black & Brown Reversible Leather Belt,  Pacific Gold, Belts, Belts, Accessories, Accessories for Men, Buy Pacific Gold Men Black & Brown Reversible Leather Belt Online in India, Buy Belts at best price",,"https://assets.myntassets.com/h_1440,q_100,w_1080/v1/image/style/properties/869438/Pacific-Gold-Men-Black--Brown-Reversible-Leather-Belt_1_ddd640a20876542beee21a452be817f3.jpg",,499,869438,Myntra,https://www.myntra.com/belts/pacific-gold/pacific-gold-men-black--brown-reversible-leather-belt/869438/buy
1,178,WROGN Men Blue Slim Fit Mid-Rise Clean Look Stretchable Jeans,Jeans,"WROGN Men Blue Slim Fit Mid Rise Clean Look Stretchable Jeans,  WROGN, Jeans, Bottomwear, Apparel, Apparel for Men, Buy WROGN Men Blue Slim Fit Mid Rise Clean Look Stretchable Jeans Online in India, Buy Jeans at best price","98% cotton, 2% elastane","https://assets.myntassets.com/h_1440,q_100,w_1080/v1/assets/images/7229731/2019/1/31/5d5d065e-bcb3-4095-b343-45c6090905cb1548939510262-WROGN-Men-Blue-Slim-Fit-Mid-Rise-Clean-Look-Stretchable-Jean-1.jpg",Slim fit,1399,7229731,Myntra,https://www.myntra.com/jeans/wrogn/wrogn-men-blue-slim-fit-mid-rise-clean-look-stretchable-jeans/7229731/buy
2,1354,Louis Philippe Sport Men Navy Blue Slim Fit Solid Regular Trousers,Men-Casual-Trousers,"Louis Philippe Sport Men Navy Blue Slim Fit Solid Regular Trousers,  Louis Philippe Sport, Trousers, Bottomwear, Apparel, Apparel for Men, Buy Louis Philippe Sport Men Navy Blue Slim Fit Solid Regular Trousers Online in India, Buy Trousers at best price","97% cotton, 3% elastane","https://assets.myntassets.com/h_1440,q_100,w_1080/v1/assets/images/8335829/2019/1/3/c7d9b30c-1a2b-4941-9978-e696792420a01546496383555-Louis-Philippe-Sport-Men-Navy-Blue-Slim-Fit-Solid-Regular-Tr-1.jpg",Slim fit,1149,8335829,Myntra,https://www.myntra.com/trousers/louis-philippe-sport/louis-philippe-sport-men-navy-blue-slim-fit-solid-regular-trousers/8335829/buy
3,6130,HERE&NOW Men Blue Slim Fit Mid-Rise Slash Knee Jeans,Jeans,"HERE&NOW Men Blue Slim Fit Mid Rise Slash Knee Jeans,  HERE&NOW, Jeans, Bottomwear, Apparel, Apparel for Men, Buy HERE&NOW Men Blue Slim Fit Mid Rise Slash Knee Jeans Online in India, Buy Jeans at best price",Cotton,"https://assets.myntassets.com/h_1440,q_100,w_1080/v1/assets/images/7668930/2018/12/4/9f8aaad0-dc95-4000-9d5e-60e6d543e0d61543918984752-HERENOW-Men-Jeans-6171543918983505-1.jpg",", Ankle slim tapered",759,7668930,Myntra,https://www.myntra.com/jeans/herenow/herenow-men-blue-slim-fit-mid-rise-slash-knee-jeans/7668930/buy
4,1022,BASIICS by La Intimo Men Pack of 3 White Briefs,Innerwear & Sleapwear,"BASIICS By La Intimo Men Pack Of 3 White Briefs,  BASIICS By La Intimo, Briefs, Innerwear, Apparel, Apparel for Men, Buy BASIICS By La Intimo Men Pack Of 3 White Briefs Online in India, Buy Briefs at best price",,"https://assets.myntassets.com/h_1440,q_100,w_1080/v1/assets/images/1692123/2016/12/19/11482124046477-BASIICS-by-La-Intimo-Men-Pack-of-3-White-Briefs-9721482124046213-1.jpg",,486,1692123,Myntra,https://www.myntra.com/briefs/basiics-by-la-intimo/basiics-by-la-intimo-men-pack-of-3-white-briefs/1692123/buy
5,8602,FIDO DIDO Men Taupe Colourblocked Polo Collar T-shirt,T-Shirts,"FIDO DIDO Men Taupe Colourblocked Polo Collar T Shirt,  FIDO DIDO, Tshirts, Topwear, Apparel, Apparel for Men, Buy FIDO DIDO Men Taupe Colourblocked Polo Collar T Shirt Online in India, Buy Tshirts at best price",100% cotton,"https://assets.myntassets.com/h_1440,q_100,w_1080/v1/assets/images/7509380/2018/9/29/95138051-8683-485b-abe8-d2b1f18c81821538223312045-FIDO-DIDO-Mens-Cotton-Grey-Polo-T-shirt-5751538223311794-1.jpg",The model (height 6') is wearing a size M,479,7509380,Myntra,https://www.myntra.com/tshirts/fido-dido/fido-dido-men-taupe-colourblocked-polo-collar-t-shirt/7509380/buy
6,872,Roadster Men Brown Solid Two Fold Genuine Leather Wallet,accessories,"Roadster Men Brown Solid Two Fold Genuine Leather Wallet,  Roadster, Wallets, Wallets, Accessories, Accessories for Men, Buy Roadster Men Brown Solid Two Fold Genuine Leather Wallet Online in India, Buy Wallets at best price",Genuine Leather,"https://assets.myntassets.com/h_1440,q_100,w_1080/v1/assets/images/4452099/2018/8/9/945e7d8f-dd3c-4047-8154-614fbfc245291533797321558-Roadster-Men-Wallets-3451533797320936-1.jpg",Height: 9 cm,389,4452099,Myntra,https://www.myntra.com/wallets/roadster/roadster-men-brown-solid-two-fold-genuine-leather-wallet/4452099/buy
7,3313,United Colors of Benetton Men Blue & White Slim Fit Ikat Print Casual Shirt,casual-shirts,"United Colors Of Benetton Men Blue & White Slim Fit Ikat Print Casual Shirt,  United Colors Of Benetton, Shirts, Topwear, Apparel, Apparel for Men, Buy United Colors Of Benetton Men Blue & White Slim Fit Ikat Print Casual Shirt Online in India, Buy Shirts at best price",Cotton,"https://assets.myntassets.com/h_1440,q_100,w_1080/v1/assets/images/7255066/2018/9/19/bd8e74c7-1936-4488-8cce-e11aeadd7bfa1537349360072-United-Colors-of-Benetton-Men-Blue--White-Slim-Fit-Printed-Casual-Shirt-601537349359925-1.jpg",Slim fit,1499,7255066,Myntra,https://www.myntra.com/shirts/united-colors-of-benetton/united-colors-of-benetton-men-blue--white-slim-fit-ikat-print-casual-shirt/7255066/buy
8,4934,Van Heusen Men Blue Regular Fit Self Design Formal Shirt,formal-shirts,"Van Heusen Men Blue Regular Fit Self Design Formal Shirt,  Van Heusen, Shirts, Topwear, Apparel, Apparel for Men, Buy Van Heusen Men Blue Regular Fit Self Design Formal Shirt Online in India, Buy Shirts at best price",100% Cotton,"https://assets.myntassets.com/h_1440,q_100,w_1080/v1/assets/images/productimage/2018/11/23/8c73ac40-6b95-4f56-a674-8a204cbeeb261542963910937-1.jpg",Regular Fit,1592,7853233,Myntra,https://www.myntra.com/shirts/van-heusen/van-heusen-men-blue-regular-fit-self-design-formal-shirt/7853233/buy
9,3296,Roadster Men Black Slim Fit Mid-Rise Clean Look Stretchable Jeans,Jeans,"Roadster Men Black Slim Fit Mid Rise Clean Look Stretchable Jeans,  Roadster, Jeans, Bottomwear, Apparel, Apparel for Men, Buy Roadster Men Black Slim Fit Mid Rise Clean Look Stretchable Jeans Online in India, Buy Jeans at best price","98% cotton, 2% elastane","https://assets.myntassets.com/h_1440,q_100,w_1080/v1/assets/images/7029114/2018/11/7/b8508284-e59e-4f86-92f5-3b2985e868c81541571144453-Roadster-Men-Black-Slim-Fit-Mid-Rise-Clean-Look-Stretchable-Jeans-6771541571144245-1.jpg",Slim fit,999,7029114,Myntra,https://www.myntra.com/jeans/roadster/roadster-men-black-slim-fit-mid-rise-clean-look-stretchable-jeans/7029114/buy
10,836,Quick Brown Fox Men Tan Brown Solid Two Fold Leather Wallet,accessories,"Quick Brown Fox Men Tan Brown Solid Two Fold Leather Wallet,  Quick Brown Fox, Wallets, Wallets, Accessories, Accessories for Men, Buy Quick Brown Fox Men Tan Brown Solid Two Fold Leather Wallet Online in India, Buy Wallets at best price",Leather,"https://assets.myntassets.com/h_1440,q_100,w_1080/v1/assets/images/productimage/2018/11/26/30080e9e-1d67-4f2e-b844-d9801bb1dd1c1543213124756-1.jpg",Length: 11.5 cm,1895,7990053,Myntra,https://www.myntra.com/wallets/quick-brown-fox/quick-brown-fox-men-tan-brown-solid-two-fold-leather-wallet/7990053/buy
11,4711,Moda Rapido Men Blue Slim Fit Solid Cropped Chinos,Men-Casual-Trousers,"Moda Rapido Men Blue Slim Fit Solid Cropped Chinos,  Moda Rapido, Trousers, Bottomwear, Apparel, Apparel for Men, Buy Moda Rapido Men Blue Slim Fit Solid Cropped Chinos Online in India, Buy Trousers at best price",Cotton ,"https://assets.myntassets.com/h_1440,q_100,w_1080/v1/assets/images/2326864/2018/2/10/11518251714021-Moda-Rapido-Men-Trousers-5031518251713858-1.jpg",Slim fit,679,2326864,Myntra,https://www.myntra.com/trousers/moda-rapido/moda-rapido-men-blue-slim-fit-solid-cropped-chinos/2326864/buy
12,15174,Indian Terrain Men Navy Blue Solid Polo Collar T-shirt,T-Shirts,"Indian Terrain Men Navy Blue Solid Polo Collar T Shirt,  Indian Terrain, Tshirts, Topwear, Apparel, Apparel for Men, Buy Indian Terrain Men Navy Blue Solid Polo Collar T Shirt Online in India, Buy Tshirts at best price",Cotton,"https://assets.myntassets.com/h_1440,q_100,w_1080/v1/assets/images/2516522/2018/2/23/11519374509826-Indian-Terrain-Men-Navy-Blue-Solid-Polo-Collar-T-shirt-6931519374509485-1.jpg",The model (height 6') is wearing a size M,899,2516522,Myntra,https://www.myntra.com/tshirts/indian-terrain/indian-terrain-men-navy-blue-solid-polo-collar-t-shirt/2516522/buy
13,1533,Blackberrys Men Brown Regular Fit Solid Smart Casual Trousers,Men-Casual-Trousers,"Blackberrys Men Brown Regular Fit Solid Smart Casual Trousers,  Blackberrys, Trousers, Bottomwear, Apparel, Apparel for Men, Buy Blackberrys Men Brown Regular Fit Solid Smart Casual Trousers Online in India, Buy Trousers at best price","97% cotton, 3% elastane","https://assets.myntassets.com/h_1440,q_100,w_1080/v1/assets/images/8031187/2018/12/13/bb2b9e8a-375a-452f-b350-c62e1a4a19201544695266176-Blackberrys-Men-Trousers-6541544695264867-1.jpg",Regular Fit,1197,8031187,Myntra,https://www.myntra.com/trousers/blackberrys/blackberrys-men-brown-regular-fit-solid-smart-casual-trousers/8031187/buy
14,2399,Blackberrys Men Beige Sharp Fit Solid Formal Trousers,Men-Formal-Trousers,"Blackberrys Men Beige Sharp Fit Solid Formal Trousers,  Blackberrys, Trousers, Bottomwear, Apparel, Apparel for Men, Buy Blackberrys Men Beige Sharp Fit Solid Formal Trousers Online in India, Buy Trousers at best price","65% polyester, 35% rayon ","https://assets.myntassets.com/h_1440,q_100,w_1080/v1/assets/images/2026641/2017/8/18/11503031680007-Blackberrys-Men-Trousers-1941503031679813-1.jpg",Sharp fit ,1197,2026641,Myntra,https://www.myntra.com/trousers/blackberrys/blackberrys-men-beige-sharp-fit-solid-formal-trousers/2026641/buy
15,12249,Marvel Spiderman by Free Authority Men Red Printed Round Neck T-shirt,T-Shirts,"Marvel Spiderman By Free Authority Men Red Printed Round Neck T Shirt,  Marvel, Tshirts, Topwear, Apparel, Apparel for Men, Buy Marvel Spiderman By Free Authority Men Red Printed Round Neck T Shirt Online in India, Buy Tshirts at best price",Polyester,"https://assets.myntassets.com/h_1440,q_100,w_1080/v1/assets/images/2290276/2017/11/29/11511935181918-Marvel-Men-Red-Printed-Round-Neck-T-shirt-7661511935181711-1.jpg",The model (height 6') is wearing a size M,749,2290276,Myntra,https://www.myntra.com/tshirts/marvel/marvel-spiderman-by-free-authority-men-red-printed-round-neck-t-shirt/2290276/buy
16,3218,Richlook Men Brown Solid Insulator Tailored Jacket,men-jackets-coats,"Richlook Men Brown Solid Insulator Tailored Jacket,  Richlook, Jackets, Topwear, Apparel, Apparel for Men, Buy Richlook Men Brown Solid Insulator Tailored Jacket Online in India, Buy Jackets at best price",Cotton,"https://assets.myntassets.com/h_1440,q_100,w_1080/v1/assets/images/productimage/2018/12/7/62a9b632-2972-4006-b387-c714a64d874f1544188323626-1.jpg",The model (height 6') is wearing a size M,1749,8127785,Myntra,https://www.myntra.com/jackets/richlook/richlook-men-brown-solid-insulator-tailored-jacket/8127785/buy
17,1877,Pacific Gold Men Brown Solid Two Fold Leather Wallet,accessories,"Pacific Gold Men Brown Solid Two Fold Leather Wallet,  Pacific Gold, Wallets, Wallets, Accessories, Accessories for Men, Buy Pacific Gold Men Brown Solid Two Fold Leather Wallet Online in India, Buy Wallets at best price",Leather ,"https://assets.myntassets.com/h_1440,q_100,w_1080/v1/assets/images/4451974/2018/4/5/11522912479168-Pacific-Gold-Brown-Casual-Genuine-Leather-Bifold-Multi-Compartment-Wallets-for-Men-1361522912479020-1.jpg",Height: 11.5 cm,1137,4451974,Myntra,https://www.myntra.com/wallets/pacific-gold/pacific-gold-men-brown-solid-two-fold-leather-wallet/4451974/buy
18,5818,Arrow Men Navy Slim Fit Self Design Formal Shirt,formal-shirts,"Arrow Men Navy Slim Fit Self Design Formal Shirt,  Arrow, Shirts, Topwear, Apparel, Apparel for Men, Buy Arrow Men Navy Slim Fit Self Design Formal Shirt Online in India, Buy Shirts at best price",100% cotton ,"https://assets.myntassets.com/h_1440,q_100,w_1080/v1/assets/images/1966894/2017/7/3/11499068106004-Arrow-Men-Black-Slim-Fit-Self-Design-Formal-Shirt-4921499068105842-1.jpg",Slim fit,1649,1966894,Myntra,https://www.myntra.com/shirts/arrow/arrow-men-navy-slim-fit-self-design-formal-shirt/1966894/buy
19,2264,Excalibur Men Assorted Pack of 2 Slim Fit Formal Shirts,formal-shirts,"Excalibur Men Assorted Pack Of 2 Slim Fit Formal Shirts,  Excalibur, Shirts, Topwear, Apparel, Apparel for Men, Buy Excalibur Men Assorted Pack Of 2 Slim Fit Formal Shirts Online in India, Buy Shirts at best price",Polyester and cotton,"https://assets.myntassets.com/h_1440,q_100,w_1080/v1/assets/images/2678560/2018/3/20/11521543762678-Excalibur-Men-Assorted-Pack-of-2-Slim-Fit-Printed-Shirts-1711521543762519-1.jpg",Slim fit,1499,2678560,Myntra,https://www.myntra.com/shirts/excalibur/excalibur-men-assorted-pack-of-2-slim-fit-formal-shirts/2678560/buy
20,8301,Difference of Opinion Men Blue Printed Round Neck T-shirt,T-Shirts,"Difference Of Opinion Men Blue Printed Round Neck T Shirt,  Difference Of Opinion, Tshirts, Topwear, Apparel, Apparel for Men, Buy Difference Of Opinion Men Blue Printed Round Neck T Shirt Online in India, Buy Tshirts at best price",100% Cotton,"https://assets.myntassets.com/h_1440,q_100,w_1080/v1/assets/images/7337432/2018/10/17/463a19ff-ae1a-40a1-bc53-fa6923a1183c1539778168392-Difference-of-Opinion-Men-Blue-Printed-Round-Neck-T-shirt-4701539778168237-1.jpg",The model (height 6') is wearing a size M,359,7337432,Myntra,https://www.myntra.com/tshirts/difference-of-opinion/difference-of-opinion-men-blue-printed-round-neck-t-shirt/7337432/buy
21,18833,Puma Men Black Printed Round Neck T-shirt,T-Shirts,"Puma Men Black Printed Round Neck T Shirt,  Puma, Tshirts, Topwear, Apparel, Apparel for Men, Buy Puma Men Black Printed Round Neck T Shirt Online in India, Buy Tshirts at best price",Cotton,"https://assets.myntassets.com/h_1440,q_100,w_1080/v1/assets/images/8172673/2019/1/8/4668a448-0ffd-4a7c-a78c-ac1c69f179a41546931575451-Puma-Men-Black-Printed-VK-Slogan-Image-T-shirt-2631546931574-1.jpg",The model (height 6') is wearing a size M,1499,8172673,Myntra,https://www.myntra.com/tshirts/puma/puma-men-black-printed-round-neck-t-shirt/8172673/buy
22,20942,SPYKAR Men Green Solid Henley Neck T-shirt,T-Shirts,"SPYKAR Men Green Solid Henley Neck T Shirt,  SPYKAR, Tshirts, Topwear, Apparel, Apparel for Men, Buy SPYKAR Men Green Solid Henley Neck T Shirt Online in India, Buy Tshirts at best price",Cotton,"https://assets.myntassets.com/h_1440,q_100,w_1080/v1/assets/images/productimage/2018/12/14/12f8326b-b5d5-41d9-aeef-c0045521ad651544790302085-1.jpg",The model (height 6') is wearing a size M,519,8221691,Myntra,https://www.myntra.com/tshirts/spykar/spykar-men-green-solid-henley-neck-t-shirt/8221691/buy
23,2447,COBB Men Beige Slim Fit Self Design Regular Trousers,Men-Casual-Trousers,"COBB Men Beige Slim Fit Self Design Regular Trousers,  COBB, Trousers, Bottomwear, Apparel, Apparel for Men, Buy COBB Men Beige Slim Fit Self Design Regular Trousers Online in India, Buy Trousers at best price",Cotton,"https://assets.myntassets.com/h_1440,q_100,w_1080/v1/assets/images/productimage/2019/1/7/e23dddb2-c03d-4cff-925c-144729ba55bf1546884952510-1.jpg",Slim fit,892,8427285,Myntra,https://www.myntra.com/trousers/cobb/cobb-men-beige-slim-fit-self-design-regular-trousers/8427285/buy
24,11358,FEVER Men Blue Slim Fit Mid-Rise Clean Look Stretchable Jeans,Jeans,"FEVER Men Blue Slim Fit Mid Rise Clean Look Stretchable Jeans,  FEVER, Jeans, Bottomwear, Apparel, Apparel for Men, Buy FEVER Men Blue Slim Fit Mid Rise Clean Look Stretchable Jeans Online in India, Buy Jeans at best price",Cotton and elastane ,"https://assets.myntassets.com/h_1440,q_100,w_1080/v1/assets/images/2413046/2018/1/19/11516350443113-Fever-Lycra-Slim-Fit-Jean-For-Men-8081516350442985-1.jpg",Slim fit,874,2413046,Myntra,https://www.myntra.com/jeans/fever/fever-men-blue-slim-fit-mid-rise-clean-look-stretchable-jeans/2413046/buy
25,3536,INVICTUS Men Blue Slim Fit Self Design Casual Shirt,casual-shirts,"INVICTUS Men Blue Slim Fit Self Design Casual Shirt,  INVICTUS, Shirts, Topwear, Apparel, Apparel for Men, Buy INVICTUS Men Blue Slim Fit Self Design Casual Shirt Online in India, Buy Shirts at best price",100% cotton,"https://assets.myntassets.com/h_1440,q_100,w_1080/v1/assets/images/2172850/2018/4/10/11523343884887-INVICTUS-Men-Blue-Slim-Fit-Self-Design-Casual-Shirt-7551523343884712-1.jpg",Slim fit,799,2172850,Myntra,https://www.myntra.com/shirts/invictus/invictus-men-blue-slim-fit-self-design-casual-shirt/2172850/buy
26,508,Tommy Hilfiger Men Black Leather Solid Belt,accessories,"Tommy Hilfiger Men Black Leather Solid Belt,  Tommy Hilfiger, Belts, Belts, Accessories, Accessories for Men, Buy Tommy Hilfiger Men Black Leather Solid Belt Online in India, Buy Belts at best price",Leather,"https://assets.myntassets.com/h_1440,q_100,w_1080/v1/assets/images/7264172/2018/10/4/23a77e4f-1c01-4ccd-af97-52fbab34f2c91538634287738-Tommy-Hilfiger-Men-Belts-6231538634287693-1.jpg",Width: 3 cm,1699,7264172,Myntra,https://www.myntra.com/belts/tommy-hilfiger/tommy-hilfiger-men-black-leather-solid-belt/7264172/buy
27,5767,INVICTUS Men Blue & White Slim Fit Checked Formal Shirt,formal-shirts,"INVICTUS Men Blue & White Slim Fit Checked Formal Shirt,  INVICTUS, Shirts, Topwear, Apparel, Apparel for Men, Buy INVICTUS Men Blue & White Slim Fit Checked Formal Shirt Online in India, Buy Shirts at best price",100% cotton,"https://assets.myntassets.com/h_1440,q_100,w_1080/v1/assets/images/1716453/2017/3/20/11489986177102-INVICTUS-Men-Blue--White-Slim-Fit-Checked-Formal-Shirt-7851489986176838-1.jpg",Slim fit ,1199,1716453,Myntra,https://www.myntra.com/shirts/invictus/invictus-men-blue--white-slim-fit-checked-formal-shirt/1716453/buy
28,2753,Columbia Men Red Cascade Peak II 650 down Thermal-Reflective Hiking & Trekking Jacket,men-jackets-coats,"Columbia Men Red Cascade Peak II 650 Down Thermal Reflective Hiking & Trekking Jacket,  Columbia, Jackets, Topwear, Apparel, Apparel for Men, Buy Columbia Men Red Cascade Peak II 650 Down Thermal Reflective Hiking & Trekking Jacket Online in India, Buy Jackets at best price",Shell: 100% polyester,"https://assets.myntassets.com/h_1440,q_100,w_1080/v1/assets/images/7404234/2018/9/24/824199bb-55cf-46a2-9bcd-6ac8b75c37131537768716373-Winter--Outdoor-Cascade-Peak-II-Jacket-8351537768716279-1.jpg",The model (height 6') is wearing a size M,5999,7404234,Myntra,https://www.myntra.com/jackets/columbia/columbia-men-red-cascade-peak-ii-650-down-thermal-reflective-hiking--trekking-jacket/7404234/buy
29,1903,Puma Men Black Logo Embroidered Round Neck T-shirt,T-Shirts,"Puma Men Black Logo Embroidered Round Neck T Shirt,  Puma, Tshirts, Topwear, Apparel, Apparel for Men, Buy Puma Men Black Logo Embroidered Round Neck T Shirt Online in India, Buy Tshirts at best price",100% cotton,"https://assets.myntassets.com/h_1440,q_100,w_1080/v1/assets/images/6911960/2018/7/18/c4ca72eb-d9c2-41b8-be7a-1f803bf6bddf1531896249215-Puma-Men-Tshirts-4961531896249021-1.jpg",The model (height 6') is wearing a size M,1079,6911960,Myntra,https://www.myntra.com/tshirts/puma/puma-men-black-logo-embroidered-round-neck-t-shirt/6911960/buy
30,2923,Roadster Men Brown Solid Bomber Jacket,men-jackets-coats,"Roadster Men Brown Solid Bomber Jacket,  Roadster, Jackets, Topwear, Apparel, Apparel for Men, Buy Roadster Men Brown Solid Bomber Jacket Online in India, Buy Jackets at best price",Cotton,"https://assets.myntassets.com/h_1440,q_100,w_1080/v1/assets/images/5453204/2018/10/30/a1dbcb9f-eaad-45e5-b418-4c263565a6691540895056153-Roadster-Men-Brown-Solid-Bomber-Jacket-9681540895055926-1.jpg",The model (height 6') is wearing a size M,1849,5453204,Myntra,https://www.myntra.com/jackets/roadster/roadster-men-brown-solid-bomber-jacket/5453204/buy
31,1802,Moda Rapido Men Blue Skinny Fit Mid-Rise Clean Look Stretchable Jeans,Jeans,"Moda Rapido Men Blue Skinny Fit Mid Rise Clean Look Stretchable Jeans,  Moda Rapido, Jeans, Bottomwear, Apparel, Apparel for Men, Buy Moda Rapido Men Blue Skinny Fit Mid Rise Clean Look Stretchable Jeans Online in India, Buy Jeans at best price","98.5% cotton, 1.5% elastane","https://assets.myntassets.com/h_1440,q_100,w_1080/v1/assets/images/7638401/2018/12/1/63ca646c-3df4-40bc-b60f-993964074d001543662047247-Moda-Rapido-Men-Jeans-6771543662045224-1.jpg",Skinny Fit,879,7638401,Myntra,https://www.myntra.com/jeans/moda-rapido/moda-rapido-men-blue-skinny-fit-mid-rise-clean-look-stretchable-jeans/7638401/buy
32,2366,Harvard Men Blue Slim Tapered Fit Mid-Rise Clean Look Stretchable Jeans,Jeans,"Harvard Men Blue Slim Tapered Fit Mid Rise Clean Look Stretchable Jeans,  Harvard, Jeans, Bottomwear, Apparel, Apparel for Men, Buy Harvard Men Blue Slim Tapered Fit Mid Rise Clean Look Stretchable Jeans Online in India, Buy Jeans at best price","98% cotton, 2% elastane","https://assets.myntassets.com/h_1440,q_100,w_1080/v1/assets/images/4327518/2018/11/16/0738d743-60d8-4fc5-8b64-d923721834761542344776759-Harvard-Men-Jeans-7971542344776546-1.jpg",Slim tapered fit,799,4327518,Myntra,https://www.myntra.com/jeans/harvard/harvard-men-blue-slim-tapered-fit-mid-rise-clean-look-stretchable-jeans/4327518/buy
33,1275,Calvin Klein Jeans Men White Solid Polo Collar T-shirt,T-Shirts,"Calvin Klein Jeans Men White Solid Polo Collar T Shirt,  Calvin Klein Jeans, Tshirts, Topwear, Apparel, Apparel for Men, Buy Calvin Klein Jeans Men White Solid Polo Collar T Shirt Online in India, Buy Tshirts at best price","97% cotton, 3% elastane","https://assets.myntassets.com/h_1440,q_100,w_1080/v1/assets/images/8516827/2019/2/1/dab6d837-2e85-4d18-a58e-b6ee14395a3c1549004566491-Calvin-Klein-Jeans-Men-White-Solid-Polo-Collar-T-shirt-75515-1.jpg",The model (height 6') is wearing a size M,3999,8516827,Myntra,https://www.myntra.com/tshirts/calvin-klein-jeans/calvin-klein-jeans-men-white-solid-polo-collar-t-shirt/8516827/buy
34,1622,Solemio Men Charcoal Grey Slim Fit Solid Formal Trousers,Men-Formal-Trousers,"Solemio Men Charcoal Grey Slim Fit Solid Formal Trousers,  Solemio, Trousers, Bottomwear, Apparel, Apparel for Men, Buy Solemio Men Charcoal Grey Slim Fit Solid Formal Trousers Online in India, Buy Trousers at best price",Poly Blend,"https://assets.myntassets.com/h_1440,q_100,w_1080/v1/assets/images/productimage/2019/1/31/df590753-81d7-4afd-8ae1-9b2e39aea29f1548926571604-1.jpg",Slim fit,497,8679629,Myntra,https://www.myntra.com/trousers/solemio/solemio-men-charcoal-grey-slim-fit-solid-formal-trousers/8679629/buy
35,623,FCUK Blue Printed Tropical Trunks M2AAC,Innerwear & Sleapwear,"FCUK Blue Printed Tropical Trunks M2AAC,  FCUK, Trunk, Innerwear, Apparel, Apparel for Men, Buy FCUK Blue Printed Tropical Trunks M2AAC Online in India, Buy Trunk at best price","95% cotton, 5% Lycra","https://assets.myntassets.com/h_1440,q_100,w_1080/v1/assets/images/1993267/2017/7/27/11501153916534-FCUK-Blue-Printed-Tropical-Trunks-M2AAC-3661501153916410-1.jpg",Comfort Fit,449,1993267,Myntra,https://www.myntra.com/trunk/fcuk/fcuk-blue-printed-tropical-trunks-m2aac/1993267/buy
36,7137,Ecko Unltd Men Navy & Orange Colourblocked Round Neck T-shirt,T-Shirts,"Ecko Unltd Men Navy & Orange Colourblocked Round Neck T Shirt,  Ecko Unltd, Tshirts, Topwear, Apparel, Apparel for Men, Buy Ecko Unltd Men Navy & Orange Colourblocked Round Neck T Shirt Online in India, Buy Tshirts at best price",100% cotton,"https://assets.myntassets.com/h_1440,q_100,w_1080/v1/assets/images/7023844/2018/10/8/6b448df5-8b06-4f59-a4c1-e3547d39d42f1538975801211-Ecko-Unltd-Men-Navy-Blue-Colourblocked-Round-Neck-T-shirt-16-1.jpg",The model (height 6') is wearing a size M,314,7023844,Myntra,https://www.myntra.com/tshirts/ecko-unltd/ecko-unltd-men-navy--orange-colourblocked-round-neck-t-shirt/7023844/buy
37,326,Tommy Hilfiger Men Navy Blue Original Regular Fit Solid Joggers,Men-Casual-Trousers,"Tommy Hilfiger Men Navy Blue Original Regular Fit Solid Joggers,  Tommy Hilfiger, Trousers, Bottomwear, Apparel, Apparel for Men, Buy Tommy Hilfiger Men Navy Blue Original Regular Fit Solid Joggers Online in India, Buy Trousers at best price",Cotton,"https://assets.myntassets.com/h_1440,q_100,w_1080/v1/assets/images/7029220/2018/8/13/6f7b770d-e40f-4dac-a990-da53c68f84f61534152607960-Tommy-Hilfiger-Men-Navy-Blue-Original-Regular-Fit-Solid-Jogg-1.jpg",Original Regular Fit,3499,7029220,Myntra,https://www.myntra.com/trousers/tommy-hilfiger/tommy-hilfiger-men-navy-blue-original-regular-fit-solid-joggers/7029220/buy
38,16896,Flying Machine Men Burgundy Colour Blocked Henley Neck T-Shirt,T-Shirts,"Flying Machine Men Burgundy Colour Blocked Henley Neck T Shirt,  Flying Machine, Tshirts, Topwear, Apparel, Apparel for Men, Buy Flying Machine Men Burgundy Colour Blocked Henley Neck T Shirt Online in India, Buy Tshirts at best price",100% cotton ,"https://assets.myntassets.com/h_1440,q_100,w_1080/v1/assets/images/1483959/2017/2/7/11486443991299-Flying-Machine-Men-Burgundy-Colour-Blocked-Henley-Neck-T-Shirt-211486443991007-1.jpg","The model (height 6' and shoulders 18"") is wearing a size M",539,1483959,Myntra,https://www.myntra.com/tshirts/flying-machine/flying-machine-men-burgundy-colour-blocked-henley-neck-t-shirt/1483959/buy
39,22546,French Connection Men White Printed Round Neck T-shirt,T-Shirts,"French Connection Men White Printed Round Neck T Shirt,  French Connection, Tshirts, Topwear, Apparel, Apparel for Men, Buy French Connection Men White Printed Round Neck T Shirt Online in India, Buy Tshirts at best price",100% cotton,"https://assets.myntassets.com/h_1440,q_100,w_1080/v1/assets/images/8393109/2019/2/7/791f4cf4-31d2-47ae-a5bf-8a291f65b2e91549541309022-French-Connection-Men-White-Printed-Round-Neck-T-shirt-81315-1.jpg",The model (height 6') is wearing a size M,1399,8393109,Myntra,https://www.myntra.com/tshirts/french-connection/french-connection-men-white-printed-round-neck-t-shirt/8393109/buy
40,1593,Difference of Opinion Men Mustard Yellow & Grey Colourblocked Round Neck T-shirt,T-Shirts,"Difference Of Opinion Men Mustard Yellow & Grey Colourblocked Round Neck T Shirt,  Difference Of Opinion, Tshirts, Topwear, Apparel, Apparel for Men, Buy Difference Of Opinion Men Mustard Yellow & Grey Colourblocked Round Neck T Shirt Online in India, Buy Tshirts at best price",Cotton,"https://assets.myntassets.com/h_1440,q_100,w_1080/v1/assets/images/7337370/2018/10/17/9515b23d-ff77-4aa4-980b-a958a018270c1539775964372-Difference-of-Opinion-Men-Mustard-Yellow--Grey-Colourblocked-Round-Neck-T-shirt-1341539775964196-1.jpg",The model (height 6') is wearing a size M,494,7337370,Myntra,https://www.myntra.com/tshirts/difference-of-opinion/difference-of-opinion-men-mustard-yellow--grey-colourblocked-round-neck-t-shirt/7337370/buy
41,9879,Integriti Men Blue Slim Fit Mid-Rise Clean Look Jeans,Jeans,"Integriti Men Blue Slim Fit Mid Rise Clean Look Jeans,  Integriti, Jeans, Bottomwear, Apparel, Apparel for Men, Buy Integriti Men Blue Slim Fit Mid Rise Clean Look Jeans Online in India, Buy Jeans at best price",Cotton,"https://assets.myntassets.com/h_1440,q_100,w_1080/v1/assets/images/6595892/2018/5/31/623ba3e5-f8b2-4800-9e9d-59a6501f9d2b1527759540876-na-9121527759540537-1.jpg",Comfort,1159,6595892,Myntra,https://www.myntra.com/jeans/integriti/integriti-men-blue-slim-fit-mid-rise-clean-look-jeans/6595892/buy
42,982,Jockey Pack of 2 Innerwear Vests 8820-0205,Innerwear & Sleapwear,"Jockey Pack Of 2 Innerwear Vests 8820 0205,  Jockey, Innerwear Vests, Innerwear, Apparel, Apparel for Men, Buy Jockey Pack Of 2 Innerwear Vests 8820 0205 Online in India, Buy Innerwear Vests at best price",100% Combed cotton,"https://assets.myntassets.com/h_1440,q_100,w_1080/v1/assets/images/1999049/2017/8/4/11501833149351-Jockey-Pack-of-2-Innerwear-Vests-8820-0205-5901501833149178-1.jpg",The model (height 6') is wearing a size M,328,1999049,Myntra,https://www.myntra.com/innerwear-vests/jockey/jockey-pack-of-2-innerwear-vests-8820-0205/1999049/buy
43,978,U.S. Polo Assn. Black Boxers I108-002-PL,Innerwear & Sleapwear,"U.S. Polo Assn. Black Boxers I108 002 PL,  U.S. Polo Assn., Boxers, Innerwear, Apparel, Apparel for Men, Buy U.S. Polo Assn. Black Boxers I108 002 PL Online in India, Buy Boxers at best price",100% cotton,"https://assets.myntassets.com/h_1440,q_100,w_1080/v1/assets/images/2278754/2017/12/5/11512457466339-US-Polo-Assn-Black-Boxers-I108-002-PL-9121512457466265-1.jpg",The model (height 6') is wearing a size M,487,2278754,Myntra,https://www.myntra.com/boxers/us-polo-assn/us-polo-assn-black-boxers-i108-002-pl/2278754/buy
44,18109,IZOD Men Red Printed Round Neck T-shirt,T-Shirts,"IZOD Men Red Printed Round Neck T Shirt,  IZOD, Tshirts, Topwear, Apparel, Apparel for Men, Buy IZOD Men Red Printed Round Neck T Shirt Online in India, Buy Tshirts at best price",Cotton,"https://assets.myntassets.com/h_1440,q_100,w_1080/v1/assets/images/7118498/2018/8/10/8cb34b09-e9c1-4180-bc96-29b05a31db2c1533894687214-IZOD-Men-Red-Printed-Round-Neck-T-shirt-3751533894687050-1.jpg",The model (height 6') is wearing a size M,599,7118498,Myntra,https://www.myntra.com/tshirts/izod/izod-men-red-printed-round-neck-t-shirt/7118498/buy
45,5497,Kook N Keech Marvel Men White Printed Round Neck T-shirt,T-Shirts,"Kook N Keech Marvel Men White Printed Round Neck T Shirt,  Kook N Keech Marvel, Tshirts, Topwear, Apparel, Apparel for Men, Buy Kook N Keech Marvel Men White Printed Round Neck T Shirt Online in India, Buy Tshirts at best price",Cotton,"https://assets.myntassets.com/h_1440,q_100,w_1080/v1/assets/images/6772930/2018/7/18/df91e15c-cd12-4cd9-965f-396539af578e1531894891289-Kook-N-Keech-Marvel-Men-Tshirts-9791531894890424-1.jpg",The model (height 6') is wearing a size M,299,6772930,Myntra,https://www.myntra.com/tshirts/kook-n-keech-marvel/kook-n-keech-marvel-men-white-printed-round-neck-t-shirt/6772930/buy
46,1461,Roadster Men Olive Green Regular Fit Printed Casual Shirt,casual-shirts,"Roadster Men Olive Green Regular Fit Printed Casual Shirt,  Roadster, Shirts, Topwear, Apparel, Apparel for Men, Buy Roadster Men Olive Green Regular Fit Printed Casual Shirt Online in India, Buy Shirts at best price",100% cotton,"https://assets.myntassets.com/h_1440,q_100,w_1080/v1/assets/images/2283221/2018/2/2/11517572935051-Roadster-Men-Olive-Green-Regular-Fit-Printed-Casual-Shirt-3621517572934921-1.jpg",Regular fit,649,2283221,Myntra,https://www.myntra.com/shirts/roadster/roadster-men-olive-green-regular-fit-printed-casual-shirt/2283221/buy
47,17760,The Indian Garage Co Men Navy Blue Solid Polo Collar T-shirt,T-Shirts,"The Indian Garage Co Men Navy Blue Solid Polo Collar T Shirt,  The Indian Garage Co, Tshirts, Topwear, Apparel, Apparel for Men, Buy The Indian Garage Co Men Navy Blue Solid Polo Collar T Shirt Online in India, Buy Tshirts at best price",Cotton blend,"https://assets.myntassets.com/h_1440,q_100,w_1080/v1/assets/images/8216607/2018/12/19/3d8ce55b-d975-4f41-a4ec-1ac59d662d641545200928745-The-Indian-Garage-Co-Men-Tshirts-4281545200927427-1.jpg",The model (height 6') is wearing a size M,549,8216607,Myntra,https://www.myntra.com/tshirts/the-indian-garage-co/the-indian-garage-co-men-navy-blue-solid-polo-collar-t-shirt/8216607/buy
48,2881,HRX Hrithik Roshan Men Black Active Solid Compression Training T-shirt,T-Shirts,"HRX Hrithik Roshan Men Black Active Solid Compression Training T Shirt,  HRX By Hrithik Roshan, Tshirts, Topwear, Apparel, Apparel for Men, Buy HRX Hrithik Roshan Men Black Active Solid Compression Training T Shirt Online in India, Buy Tshirts at best price","90% polyester, 10% elastane","https://assets.myntassets.com/h_1440,q_100,w_1080/v1/assets/images/4453119/2018/8/21/6b0be578-50dc-40de-a40b-7676ddf0b28b1534835207943-HRX-Active-by-Hrithik-Roshan-Men-Black-Solid-Round-Neck-Comp-1.jpg",The model (height 6') is wearing a size M,1149,4453119,Myntra,https://www.myntra.com/tshirts/hrx-by-hrithik-roshan/hrx-hrithik-roshan-men-black-active-solid-compression-training-t-shirt/4453119/buy
49,2104,Tommy Hilfiger Men Brown Leather Belt,accessories,"Tommy Hilfiger Men Brown Leather Belt,  Tommy Hilfiger, Belts, Belts, Accessories, Accessories for Men, Buy Tommy Hilfiger Men Brown Leather Belt Online in India, Buy Belts at best price",Leather,"https://assets.myntassets.com/h_1440,q_100,w_1080/v1/assets/images/7778732/2019/2/11/903ea961-a186-451b-84cf-93a9984dac721549868239282-Tommy-Hilfiger-Men-Belts-6411549868238913-1.jpg",Width: 3.5 cm,2379,7778732,Myntra,https://www.myntra.com/belts/tommy-hilfiger/tommy-hilfiger-men-brown-leather-belt/7778732/buy
50,1007,FOREVER 21 Men Yellow Colourblocked Hooded Tailored Jacket,men-jackets-coats,"FOREVER 21 Men Yellow Colourblocked Hooded Tailored Jacket,  FOREVER 21, Jackets, Topwear, Apparel, Apparel for Men, Buy FOREVER 21 Men Yellow Colourblocked Hooded Tailored Jacket Online in India, Buy Jackets at best price",Polyester ,"https://assets.myntassets.com/h_1440,q_100,w_1080/v1/assets/images/2149720/2018/11/15/90c45580-748a-4ce0-8bcc-5d9140c445221542262710424-FOREVER-21-Men-Yellow-Colourblocked-Hooded-Tailored-Jacket-531542262710208-1.jpg",The model (height 6') is wearing a size M,1234,2149720,Myntra,https://www.myntra.com/jackets/forever-21/forever-21-men-yellow-colourblocked-hooded-tailored-jacket/2149720/buy
51,3011,beevee Men White Regular Fit Solid Regular Trousers,Men-Casual-Trousers,"Beevee Men White Regular Fit Solid Regular Trousers,  Beevee, Trousers, Bottomwear, Apparel, Apparel for Men, Buy Beevee Men White Regular Fit Solid Regular Trousers Online in India, Buy Trousers at best price",Cotton and other ,"https://assets.myntassets.com/h_1440,q_100,w_1080/v1/assets/images/4317052/2018/3/20/11521552255406-beevee-Men-White-Regular-Fit-Solid-Regular-Trousers-3101521552255114-1.jpg",Regular Fit,721,4317052,Myntra,https://www.myntra.com/trousers/beevee/beevee-men-white-regular-fit-solid-regular-trousers/4317052/buy
52,2445,Campus Sutra Men Beige & Black Regular Fit Checked Casual Shirt,casual-shirts,"Campus Sutra Men Beige & Black Regular Fit Checked Casual Shirt,  Campus Sutra, Shirts, Topwear, Apparel, Apparel for Men, Buy Campus Sutra Men Beige & Black Regular Fit Checked Casual Shirt Online in India, Buy Shirts at best price",Cotton,"https://assets.myntassets.com/h_1440,q_100,w_1080/v1/assets/images/productimage/2019/1/25/bba75b79-138d-4ad1-8f76-e77d1ed8dc631548404615721-1.jpg",Regular Fit,719,8630441,Myntra,https://www.myntra.com/shirts/campus-sutra/campus-sutra-men-beige--black-regular-fit-checked-casual-shirt/8630441/buy
53,3223,WROGN Men Blue Slim Fit Self Design Reversible Bomber Jacket,men-jackets-coats,"WROGN Men Blue Slim Fit Self Design Reversible Bomber Jacket,  WROGN, Jackets, Topwear, Apparel, Apparel for Men, Buy WROGN Men Blue Slim Fit Self Design Reversible Bomber Jacket Online in India, Buy Jackets at best price",Outer: 100% polyester ,"https://assets.myntassets.com/h_1440,q_100,w_1080/v1/assets/images/2057197/2017/9/4/11504527019727-WROGN-Men-Blue-Self-Design-Reversible-Open-Front-Jacket-3651504527019597-1.jpg",Slim Fit,1999,2057197,Myntra,https://www.myntra.com/jackets/wrogn/wrogn-men-blue-slim-fit-self-design-reversible-bomber-jacket/2057197/buy
54,3360,Reebok Men Blue Core Polo Collar T-shirt,T-Shirts,"Reebok Men Blue Core Polo Collar T Shirt,  Reebok, Tshirts, Topwear, Apparel, Apparel for Men, Buy Reebok Men Blue Core Polo Collar T Shirt Online in India, Buy Tshirts at best price",Polyester,"https://assets.myntassets.com/h_1440,q_100,w_1080/v1/assets/images/7244694/2018/10/17/ff9c1138-6f3a-4178-85cf-488127a1eed31539754098935-Reebok-CORE-POLY-POLO-Men-Tshirts-5581539754098749-1.jpg",The model (height 6') is wearing a size M,769,7244694,Myntra,https://www.myntra.com/tshirts/reebok/reebok-men-blue-core-polo-collar-t-shirt/7244694/buy
55,3796,Van Heusen Men Blue Regular Fit Checked Formal Shirt,formal-shirts,"Van Heusen Men Blue Regular Fit Checked Formal Shirt,  Van Heusen, Shirts, Topwear, Apparel, Apparel for Men, Buy Van Heusen Men Blue Regular Fit Checked Formal Shirt Online in India, Buy Shirts at best price",Cotton,"https://assets.myntassets.com/h_1440,q_100,w_1080/v1/assets/images/7436416/2018/9/19/27657de4-44d3-4363-ba70-553769b3dfd81537356738969-Van-Heusen-Men-Blue-Regular-Fit-Checked-Formal-Shirt-3601537356738772-1.jpg",Regular Fit,1415,7436416,Myntra,https://www.myntra.com/shirts/van-heusen/van-heusen-men-blue-regular-fit-checked-formal-shirt/7436416/buy
56,856,Lino Perros Men Maroon Dot Pattern Accessory Gift Set,accessories,"Lino Perros Men Maroon Dot Pattern Accessory Gift Set,  Lino Perros, Accessory Gift Set, Accessories, Accessories, Accessories for Men, Buy Lino Perros Men Maroon Dot Pattern Accessory Gift Set Online in India, Buy Accessory Gift Set at best price",100% microfibre,"https://assets.myntassets.com/h_1440,q_100,w_1080/v1/assets/images/1898463/2017/5/23/11495526944808-Lino-Perros-Men-Maroon-Dot-Patterned-Accessory-Gift-Set-9841495526944542-1.jpg",Tie: 150 cm x 7 cm,798,1898463,Myntra,https://www.myntra.com/accessory-gift-set/lino-perros/lino-perros-men-maroon-dot-pattern-accessory-gift-set/1898463/buy
57,2689,Da Milano Men Black Self Design Leather Two Fold Wallet,accessories,"Da Milano Men Black Self Design Leather Two Fold Wallet,  Da Milano, Wallets, Wallets, Accessories, Accessories for Men, Buy Da Milano Men Black Self Design Leather Two Fold Wallet Online in India, Buy Wallets at best price",Leather,"https://assets.myntassets.com/h_1440,q_100,w_1080/v1/assets/images/productimage/2019/1/5/dcfeba1c-d2de-4064-9f6f-6d326256a3621546646141368-1.jpg",Height:8.6cm,1349,8409563,Myntra,https://www.myntra.com/wallets/da-milano/da-milano-men-black-self-design-leather-two-fold-wallet/8409563/buy
58,3392,Harvard Men Navy Blue & Red Regular Fit Checked Casual Shirt,casual-shirts,"Harvard Men Navy Blue & Red Regular Fit Checked Casual Shirt,  Harvard, Shirts, Topwear, Apparel, Apparel for Men, Buy Harvard Men Navy Blue & Red Regular Fit Checked Casual Shirt Online in India, Buy Shirts at best price",100% cotton,"https://assets.myntassets.com/h_1440,q_100,w_1080/v1/assets/images/6537962/2018/8/7/6489fbba-3e69-439b-9d4b-9e48e054aac51533625739557-Harvard-Men-Navy-Blue--Red-Regular-Fit-Checked-Casual-Shirt--1.jpg",Regular Fit,759,6537962,Myntra,https://www.myntra.com/shirts/harvard/harvard-men-navy-blue--red-regular-fit-checked-casual-shirt/6537962/buy
59,1423,INVICTUS Men Grey Slim Fit Solid Joggers,Men-Casual-Trousers,"INVICTUS Men Grey Slim Fit Solid Joggers,  INVICTUS, Trousers, Bottomwear, Apparel, Apparel for Men, Buy INVICTUS Men Grey Slim Fit Solid Joggers Online in India, Buy Trousers at best price",Cotton and polyester,"https://assets.myntassets.com/h_1440,q_100,w_1080/v1/assets/images/2314192/2018/9/5/fc37a550-1403-473d-807f-06edbe423b2d1536150714103-INVICTUS-Men-Grey-Slim-Fit-Self-Design-Joggers-6191536150711-1.jpg",Slim fit,1039,2314192,Myntra,https://www.myntra.com/trousers/invictus/invictus-men-grey-slim-fit-solid-joggers/2314192/buy
60,176,Jockey Men Grey Melange Solid Straight Fit Lounge Shorts AM12-0103-MGRML,Innerwear & Sleapwear,"Jockey Men Grey Melange Solid Straight Fit Lounge Shorts AM12 0103 MGRML,  Jockey, Lounge Shorts, Bottomwear, Apparel, Apparel for Men, Buy Jockey Men Grey Melange Solid Straight Fit Lounge Shorts AM12 0103 MGRML Online in India, Buy Lounge Shorts at best price",100% cotton,"https://assets.myntassets.com/h_1440,q_100,w_1080/v1/assets/images/7276704/2018/12/3/731c7b90-be7b-40ff-bab1-76da501fa0271543833223089-Jockey-Men-Grey-Melange-Solid-Regular-Fit-Sports-Shorts-261543833222084-1.jpg",The model (height 6') is wearing a size 32,649,7276704,Myntra,https://www.myntra.com/lounge-shorts/jockey/jockey-men-grey-melange-solid-straight-fit-lounge-shorts-am12-0103-mgrml/7276704/buy
61,4281,Numero Uno Men Blue Slim Fit Low-Rise Clean Look Jeans,Jeans,"Numero Uno Men Blue Slim Fit Low Rise Clean Look Jeans,  Numero Uno, Jeans, Bottomwear, Apparel, Apparel for Men, Buy Numero Uno Men Blue Slim Fit Low Rise Clean Look Jeans Online in India, Buy Jeans at best price",Cotton ,"https://assets.myntassets.com/h_1440,q_100,w_1080/v1/assets/images/2294426/2018/8/17/205cc2ac-cb4a-4b16-a658-14890f356c031534500396645-Numero-Uno-Men-Blue-Slim-Fit-Low-Rise-Clean-Look-Jeans-7041534500396341-1.jpg",Slim fit,1574,2294426,Myntra,https://www.myntra.com/jeans/numero-uno/numero-uno-men-blue-slim-fit-low-rise-clean-look-jeans/2294426/buy
62,3402,United Colors of Benetton Men White Printed Round Neck T-shirt,T-Shirts,"United Colors Of Benetton Men White Printed Round Neck T Shirt,  United Colors Of Benetton, Tshirts, Topwear, Apparel, Apparel for Men, Buy United Colors Of Benetton Men White Printed Round Neck T Shirt Online in India, Buy Tshirts at best price",100% cotton,"https://assets.myntassets.com/h_1440,q_100,w_1080/v1/assets/images/2265518/2018/7/9/292deeda-614d-4e6e-9a9e-74a3a1a6bbc91531126216758-United-Colors-of-Benetton-Men-White-Printed-Round-Neck-T-shirt-4991531126216738-1.jpg",The model (height 6') is wearing a size M,809,2265518,Myntra,https://www.myntra.com/tshirts/united-colors-of-benetton/united-colors-of-benetton-men-white-printed-round-neck-t-shirt/2265518/buy
63,3709,U.S. Polo Assn. Denim Co. Men Blue Regular Fit Mid-Rise Clean Look Stretchable Jeans,Jeans,"U.S. Polo Assn. Denim Co. Men Blue Regular Fit Mid Rise Clean Look Stretchable Jeans,  U.S. Polo Assn. Denim Co., Jeans, Bottomwear, Apparel, Apparel for Men, Buy U.S. Polo Assn. Denim Co. Men Blue Regular Fit Mid Rise Clean Look Stretchable Jeans Online in India, Buy Jeans at best price",Cotton ,"https://assets.myntassets.com/h_1440,q_100,w_1080/v1/assets/images/2364844/2018/6/7/29c3a22d-a2c4-456d-a752-609271ffabd01528363844765-US-Polo-Assn-Denim-Co-Men-Blue-Skinny-Fit-Mid-Rise-Clean-Look-Stretchable-Jeans-4341528363844568-1.jpg",The model (height 6') is wearing a size 32,2609,2364844,Myntra,https://www.myntra.com/jeans/us-polo-assn-denim-co/us-polo-assn-denim-co-men-blue-regular-fit-mid-rise-clean-look-stretchable-jeans/2364844/buy
64,1277,Blackberrys Men Olive Green Tapered Fit Self Design Formal Trousers,Men-Formal-Trousers,"Blackberrys Men Olive Green Tapered Fit Self Design Formal Trousers,  Blackberrys, Trousers, Bottomwear, Apparel, Apparel for Men, Buy Blackberrys Men Olive Green Tapered Fit Self Design Formal Trousers Online in India, Buy Trousers at best price",Polyester and viscose rayon,"https://assets.myntassets.com/h_1440,q_100,w_1080/v1/assets/images/8031475/2018/12/11/bfd34da9-cf0b-4f77-92fc-bc8aa9cacf651544519554213-Blackberrys-Men-Trousers-6311544519552718-1.jpg",Tapered Fit,1197,8031475,Myntra,https://www.myntra.com/trousers/blackberrys/blackberrys-men-olive-green-tapered-fit-self-design-formal-trousers/8031475/buy
65,11861,Peter England Casuals Men Navy Blue Solid Round Neck T-shirt,T-Shirts,"Peter England Casuals Men Navy Blue Solid Round Neck T Shirt,  Peter England Casuals, Tshirts, Topwear, Apparel, Apparel for Men, Buy Peter England Casuals Men Navy Blue Solid Round Neck T Shirt Online in India, Buy Tshirts at best price",97% Cotton and 3% Lycra,"https://assets.myntassets.com/h_1440,q_100,w_1080/v1/assets/images/7605102/2018/10/11/c97ef4df-8b5f-44a3-acba-419d81d4a7c71539245388750-Peter-England-Casuals-Men-Navy-Blue-Solid-Round-Neck-T-shirt-5871539245388581-1.jpg",The model (height 6') is wearing a size M,399,7605102,Myntra,https://www.myntra.com/tshirts/peter-england-casuals/peter-england-casuals-men-navy-blue-solid-round-neck-t-shirt/7605102/buy
66,3712,Celio Men Blue Slim Fit Mid-Rise Clean Look Stretchable Jeans,Jeans,"Celio Men Blue Slim Fit Mid Rise Clean Look Stretchable Jeans,  Celio, Jeans, Bottomwear, Apparel, Apparel for Men, Buy Celio Men Blue Slim Fit Mid Rise Clean Look Stretchable Jeans Online in India, Buy Jeans at best price","97% cotton, 3% elastsane","https://assets.myntassets.com/h_1440,q_100,w_1080/v1/assets/images/8080243/2019/1/10/7da64d2b-465d-4a04-9f75-724e171628391547118583079-Celio-Men-Blue-Slim-Fit-Mid-Rise-Clean-Look-Stretchable-Jean-1.jpg",Slim fit,1249,8080243,Myntra,https://www.myntra.com/jeans/celio/celio-men-blue-slim-fit-mid-rise-clean-look-stretchable-jeans/8080243/buy
67,7326,WROGN Men Blue Slim Fit Mid-Rise Clean Look Stretchable Jeans,Jeans,"WROGN Men Blue Slim Fit Mid Rise Clean Look Stretchable Jeans,  WROGN, Jeans, Bottomwear, Apparel, Apparel for Men, Buy WROGN Men Blue Slim Fit Mid Rise Clean Look Stretchable Jeans Online in India, Buy Jeans at best price","98% cotton, 2% elastane","https://assets.myntassets.com/h_1440,q_100,w_1080/v1/assets/images/2339775/2018/3/13/11520935070535-WROGN-Men-Jeans-7501520935070323-1.jpg",Slim fit,1119,2339775,Myntra,https://www.myntra.com/jeans/wrogn/wrogn-men-blue-slim-fit-mid-rise-clean-look-stretchable-jeans/2339775/buy
69,4232,Numero Uno Men Blue Slim Fit Low-Rise Clean Look Jeans,Jeans,"Numero Uno Men Blue Slim Fit Low Rise Clean Look Jeans,  Numero Uno, Jeans, Bottomwear, Apparel, Apparel for Men, Buy Numero Uno Men Blue Slim Fit Low Rise Clean Look Jeans Online in India, Buy Jeans at best price",Cotton ,"https://assets.myntassets.com/h_1440,q_100,w_1080/v1/assets/images/2294429/2018/8/21/f0b48660-9ef0-46d0-aae4-6f1ad6392d621534843924152-Numero-Uno-Men-Blue-Slim-Fit-Low-Rise-Clean-Look-Jeans-8601534843923892-1.jpg",Slim fit,1619,2294429,Myntra,https://www.myntra.com/jeans/numero-uno/numero-uno-men-blue-slim-fit-low-rise-clean-look-jeans/2294429/buy
70,9278,Rigo Men Black Solid Round Neck T-shirt,T-Shirts,"Rigo Men Black Solid Round Neck T Shirt,  Rigo, Tshirts, Topwear, Apparel, Apparel for Men, Buy Rigo Men Black Solid Round Neck T Shirt Online in India, Buy Tshirts at best price",Cotton,"https://assets.myntassets.com/h_1440,q_100,w_1080/v1/assets/images/5567369/2018/4/28/11524896801072-Rigo-Black-Asymmetric-Half-Sleeve-T-Shirt-For-Men-7041524896800887-1.jpg",The model (height 6') is wearing a size M,279,5567369,Myntra,https://www.myntra.com/tshirts/rigo/rigo-men-black-solid-round-neck-t-shirt/5567369/buy
71,2925,Blackberrys Men Beige Regular Fit Solid Trousers,Men-Casual-Trousers,"Blackberrys Men Beige Regular Fit Solid Trousers,  Blackberrys, Trousers, Bottomwear, Apparel, Apparel for Men, Buy Blackberrys Men Beige Regular Fit Solid Trousers Online in India, Buy Trousers at best price","97% cotton, 3% elastane","https://assets.myntassets.com/h_1440,q_100,w_1080/v1/assets/images/8031503/2018/12/10/40346576-4f34-4e55-898f-47adb35bf3451544448907894-Blackberrys-Men-Trousers-3811544448906897-1.jpg",Regular Fit,997,8031503,Myntra,https://www.myntra.com/trousers/blackberrys/blackberrys-men-beige-regular-fit-solid-trousers/8031503/buy
72,9955,Blue Washed Slim Fit Jeans,Jeans,"Blue Washed Slim Fit Jeans,  Tommy Hilfiger, Jeans, Bottomwear, Apparel, Apparel for Men, Buy Blue Washed Slim Fit Jeans Online in India, Buy Jeans at best price",,"https://assets.myntassets.com/h_1440,q_100,w_1080/v1/assets/images/productimage/2018/12/14/c101f985-34a8-4c08-90a3-ff2cd3890aef1544773917125-1.jpg",,4499,8227657,Myntra,https://www.myntra.com/jeans/tommy-hilfiger/blue-washed-slim-fit-jeans/8227657/buy
73,1805,Peter England Men Beige Slim Fit Solid Chinos,Men-Casual-Trousers,"Peter England Men Beige Slim Fit Solid Chinos,  Peter England, Trousers, Bottomwear, Apparel, Apparel for Men, Buy Peter England Men Beige Slim Fit Solid Chinos Online in India, Buy Trousers at best price",Cotton and elastane ,"https://assets.myntassets.com/h_1440,q_100,w_1080/v1/assets/images/2481540/2018/3/16/11521203637775-Peter-England-Men-Beige-Slim-Fit-Solid-Chinos-3421521203637401-1.jpg",Slim fit,1499,2481540,Myntra,https://www.myntra.com/trousers/peter-england/peter-england-men-beige-slim-fit-solid-chinos/2481540/buy
74,3075,Wills Lifestyle Men Purple Slim Fit Solid Casual Shirt,casual-shirts,"Wills Lifestyle Men Purple Slim Fit Solid Casual Shirt,  Wills Lifestyle, Shirts, Topwear, Apparel, Apparel for Men, Buy Wills Lifestyle Men Purple Slim Fit Solid Casual Shirt Online in India, Buy Shirts at best price",100% cotton ,"https://assets.myntassets.com/h_1440,q_100,w_1080/v1/assets/images/1657864/2018/2/8/11518060692938-Wills-Lifestyle-Men-Blue-Slim-Fit-Solid-Casual-Shirt-6581518060692633-1.jpg",Slim fit ,919,1657864,Myntra,https://www.myntra.com/shirts/wills-lifestyle/wills-lifestyle-men-purple-slim-fit-solid-casual-shirt/1657864/buy
75,8937,Roadster Men Cream-Coloured Carrot Fit Mid-Rise Clean Look Stretchable Jeans,Jeans,"Roadster Men Cream Coloured Carrot Fit Mid Rise Clean Look Stretchable Jeans,  Roadster, Jeans, Bottomwear, Apparel, Apparel for Men, Buy Roadster Men Cream Coloured Carrot Fit Mid Rise Clean Look Stretchable Jeans Online in India, Buy Jeans at best price",98% cotton and 2% elastane,"https://assets.myntassets.com/h_1440,q_100,w_1080/v1/assets/images/4654469/2018/5/23/c0028879-9179-4153-9a35-98ad1b5860111527069457999-Roadster-Men-Cream-Coloured-Slim-Fit-Mid-Rise-Clean-Look-Stretchable-Jeans-281527069457041-1.jpg",Carrot fit,1099,4654469,Myntra,https://www.myntra.com/jeans/roadster/roadster-men-cream-coloured-carrot-fit-mid-rise-clean-look-stretchable-jeans/4654469/buy
76,5215,Blue Washed Mid Rise Slim Fit Jeans,Jeans,"Blue Washed Mid Rise Slim Fit Jeans,  People, Jeans, Bottomwear, Apparel, Apparel for Men, Buy Blue Washed Mid Rise Slim Fit Jeans Online in India, Buy Jeans at best price",,"https://assets.myntassets.com/h_1440,q_100,w_1080/v1/assets/images/productimage/2018/11/24/493ff8db-3716-42eb-a331-8e33b394dd5a1543037505831-1.jpg",,1199,7934955,Myntra,https://www.myntra.com/jeans/people/blue-washed-mid-rise-slim-fit-jeans/7934955/buy
77,4233,COBB Men Blue Slim Fit Mid-Rise Clean Look Jeans,Jeans,"COBB Men Blue Slim Fit Mid Rise Clean Look Jeans,  COBB, Jeans, Bottomwear, Apparel, Apparel for Men, Buy COBB Men Blue Slim Fit Mid Rise Clean Look Jeans Online in India, Buy Jeans at best price",Cotton,"https://assets.myntassets.com/h_1440,q_100,w_1080/v1/assets/images/7796937/2018/11/16/2c5a5ca5-543d-4bd6-9e52-07b80239ec3e1542360929553-COBB-Men-Blue-Slim-Fit-Mid-Rise-Clean-Look-Jeans-7751542360929314-1.jpg",Slim fit,1049,7796937,Myntra,https://www.myntra.com/jeans/cobb/cobb-men-blue-slim-fit-mid-rise-clean-look-jeans/7796937/buy
78,19231,Navy Blue Solid Regular Fit Polo T-Shirt,T-Shirts,"Navy Blue Solid Regular Fit Polo T Shirt,  United Colors Of Benetton, Tshirts, Topwear, Apparel, Apparel for Men, Buy Navy Blue Solid Regular Fit Polo T Shirt Online in India, Buy Tshirts at best price",,"https://assets.myntassets.com/h_1440,q_100,w_1080/v1/assets/images/7987203/2019/2/7/8d5fdf2f-9f1c-4a59-a4ee-25999be86bd61549542081600-Navy-Blue-Solid-Regular-Fit-Polo-T-Shirt-671549542079941-1.jpg",,1599,7987203,Myntra,https://www.myntra.com/tshirts/united-colors-of-benetton/navy-blue-solid-regular-fit-polo-t-shirt/7987203/buy
79,22804,Moda Rapido Men Maroon Printed Round Neck T-Shirt,T-Shirts,"Moda Rapido Men Maroon Printed Round Neck T Shirt,  Moda Rapido, Tshirts, Topwear, Apparel, Apparel for Men, Buy Moda Rapido Men Maroon Printed Round Neck T Shirt Online in India, Buy Tshirts at best price",Cotton ,"https://assets.myntassets.com/h_1440,q_100,w_1080/v1/assets/images/1500529/2016/9/30/11475215877754-Moda-Rapido-Men-Maroon-Printed-Round-Neck-T-Shirt-9531475215877487-1.jpg","The model (height 6' and shoulders 18"") is wearing a size M",324,1500529,Myntra,https://www.myntra.com/tshirts/moda-rapido/moda-rapido-men-maroon-printed-round-neck-t-shirt/1500529/buy
80,2611,Wildcraft Men Teal Blue Trainer Sporty Jacket,men-jackets-coats,"Wildcraft Men Teal Blue Trainer Sporty Jacket,  Wildcraft, Jackets, Topwear, Apparel, Apparel for Men, Buy Wildcraft Men Teal Blue Trainer Sporty Jacket Online in India, Buy Jackets at best price",100% polyester ,"https://assets.myntassets.com/h_1440,q_100,w_1080/v1/assets/images/7422320/2018/11/13/9e8bff6b-c4ec-4f2f-8611-c1d3bad317b11542107801184-Wildcraft-Men-Teal-Blue-Trainer-Sporty-Jacket-84315421077992-1.jpg",The model (height 6') is wearing a size M,2299,7422320,Myntra,https://www.myntra.com/jackets/wildcraft/wildcraft-men-teal-blue-trainer-sporty-jacket/7422320/buy
81,89,Sand Dune Brown Bathrobe,Innerwear & Sleapwear,"Sand Dune Brown Bathrobe,  Sand Dune, Bath Robe, Loungewear And Nightwear, Apparel, Apparel for Men, Buy Sand Dune Brown Bathrobe Online in India, Buy Bath Robe at best price",,"https://assets.myntassets.com/h_1440,q_100,w_1080/v1/image/style/properties/453711/Sand-Dune-Brown-Bathrobe_1_6fd5fdcbbf99a12f4d3585020617e9c3.jpg",The model (height 6') is wearing a size M,749,453711,Myntra,https://www.myntra.com/bath-robe/sand-dune/sand-dune-brown-bathrobe/453711/buy
82,4069,Mr Bowerbird Men Blue Tailored Fit Mid-Rise Low Distress Stretchable Jeans,Jeans,"Mr Bowerbird Men Blue Tailored Fit Mid Rise Low Distress Stretchable Jeans,  Mr Bowerbird, Jeans, Bottomwear, Apparel, Apparel for Men, Buy Mr Bowerbird Men Blue Tailored Fit Mid Rise Low Distress Stretchable Jeans Online in India, Buy Jeans at best price","98% cotton, 2% elastane","https://assets.myntassets.com/h_1440,q_100,w_1080/v1/assets/images/2103985/2017/11/20/11511183408068-Mr-Bowerbird-Men-Blue-Regular-Fit-Mid-Rise-Low-Distress-Stretchable-Jeans-9371511183407864-1.jpg",Tailored Fit,1199,2103985,Myntra,https://www.myntra.com/jeans/mr-bowerbird/mr-bowerbird-men-blue-tailored-fit-mid-rise-low-distress-stretchable-jeans/2103985/buy
83,8423,Mufti Men Blue Skinny Fit Mid-Rise Low Distress Stretchable Jeans,Jeans,"Mufti Men Blue Skinny Fit Mid Rise Low Distress Stretchable Jeans,  Mufti, Jeans, Bottomwear, Apparel, Apparel for Men, Buy Mufti Men Blue Skinny Fit Mid Rise Low Distress Stretchable Jeans Online in India, Buy Jeans at best price",Cotton and elastane ,"https://assets.myntassets.com/h_1440,q_100,w_1080/v1/assets/images/2125413/2018/7/31/73ca1254-da68-4d1a-a64b-886724f9cadc1533029901706-Mufti-Men-Blue-Skinny-Fit-Mid-Rise-Low-Distress-Stretchable-Jeans-2311533029901459-1.jpg",Skinny Fit,1529,2125413,Myntra,https://www.myntra.com/jeans/mufti/mufti-men-blue-skinny-fit-mid-rise-low-distress-stretchable-jeans/2125413/buy
84,423,Louis Philippe Men Pink & White Regular Fit Checked Formal Shirt,formal-shirts,"Louis Philippe Men Pink & White Regular Fit Checked Formal Shirt,  Louis Philippe, Shirts, Topwear, Apparel, Apparel for Men, Buy Louis Philippe Men Pink & White Regular Fit Checked Formal Shirt Online in India, Buy Shirts at best price",100% cotton,"https://assets.myntassets.com/h_1440,q_100,w_1080/v1/assets/images/7852671/2018/12/17/1a3335b9-c2e7-47bc-be7d-32a961e3c0c71545047511618-Louis-Philippe-Men-Pink--White-Regular-Fit-Checked-Formal-Sh-1.jpg",Regular Fit,1049,7852671,Myntra,https://www.myntra.com/shirts/louis-philippe/louis-philippe-men-pink--white-regular-fit-checked-formal-shirt/7852671/buy
85,1941,Indian Terrain Men Yellow & Navy Blue Slim Fit Checked Casual Shirt,casual-shirts,"Indian Terrain Men Yellow & Navy Blue Slim Fit Checked Casual Shirt,  Indian Terrain, Shirts, Topwear, Apparel, Apparel for Men, Buy Indian Terrain Men Yellow & Navy Blue Slim Fit Checked Casual Shirt Online in India, Buy Shirts at best price",Cotton,"https://assets.myntassets.com/h_1440,q_100,w_1080/v1/assets/images/7000759/2018/11/15/9c17d6db-8fb7-4416-b41a-83583b9fb3f71542268469170-Indian-Terrain-Men-Yellow--Navy-Blue-Slim-Fit-Checked-Casual-Shirt-1371542268468971-1.jpg",Slim Fit,1049,7000759,Myntra,https://www.myntra.com/shirts/indian-terrain/indian-terrain-men-yellow--navy-blue-slim-fit-checked-casual-shirt/7000759/buy
86,8480,Moda Rapido Men White Printed Round Neck Longline T-shirt,T-Shirts,"Moda Rapido Men White Printed Round Neck Longline T Shirt,  Moda Rapido, Tshirts, Topwear, Apparel, Apparel for Men, Buy Moda Rapido Men White Printed Round Neck Longline T Shirt Online in India, Buy Tshirts at best price",100% cotton,"https://assets.myntassets.com/h_1440,q_100,w_1080/v1/assets/images/4331687/2018/7/16/74dd3e8c-ee1e-42a7-a49c-b0b765a083501531738541842-Moda-Rapido-Men-White-Printed-Round-Neck-T-shirt-28153173854-1.jpg",The model (height 6') is wearing a size M,349,4331687,Myntra,https://www.myntra.com/tshirts/moda-rapido/moda-rapido-men-white-printed-round-neck-longline-t-shirt/4331687/buy
87,936,Van Heusen Men Grey Slim Fit Solid Formal Shirt,formal-shirts,"Van Heusen Men Grey Slim Fit Solid Formal Shirt,  Van Heusen, Shirts, Topwear, Apparel, Apparel for Men, Buy Van Heusen Men Grey Slim Fit Solid Formal Shirt Online in India, Buy Shirts at best price",100% cotton,"https://assets.myntassets.com/h_1440,q_100,w_1080/v1/assets/images/7647665/2018/10/31/05cf5ec9-e0f0-418e-be58-1153d0a5bf9f1540988037834-Van-Heusen-Men-Grey-Slim-Fit-Solid-Formal-Shirt-540154098803-1.jpg",Slim fit,799,7647613,Myntra,https://www.myntra.com/shirts/van-heusen/van-heusen-men-grey-slim-fit-solid-formal-shirt/7647613/buy
88,2090,The Indian Garage Co Men Olive Green Slim Fit Solid Joggers,Men-Casual-Trousers,"The Indian Garage Co Men Olive Green Slim Fit Solid Joggers,  The Indian Garage Co, Trousers, Bottomwear, Apparel, Apparel for Men, Buy The Indian Garage Co Men Olive Green Slim Fit Solid Joggers Online in India, Buy Trousers at best price",Cotton and elastane,"https://assets.myntassets.com/h_1440,q_100,w_1080/v1/assets/images/7455417/2018/11/6/1e2c3e2f-57ac-4425-bddc-7e9a67b8d0321541495811575-The-Indian-Garage-Co-Men-Trousers-7791541495810183-1.jpg",Slim fit,734,7455417,Myntra,https://www.myntra.com/trousers/the-indian-garage-co/the-indian-garage-co-men-olive-green-slim-fit-solid-joggers/7455417/buy
89,5712,Okane Men Burgundy Solid Polo Collar T-shirt,T-Shirts,"Okane Men Burgundy Solid Polo Collar T Shirt,  Okane, Tshirts, Topwear, Apparel, Apparel for Men, Buy Okane Men Burgundy Solid Polo Collar T Shirt Online in India, Buy Tshirts at best price",Cotton,"https://assets.myntassets.com/h_1440,q_100,w_1080/v1/assets/images/7120093/2018/9/8/3d218a24-d1da-4d46-8b23-3f4484a906b51536387956780-Okane-Men-Tshirts-6291536387956546-1.jpg",The model (height 6') is wearing a size M,499,7120093,Myntra,https://www.myntra.com/tshirts/okane/okane-men-burgundy-solid-polo-collar-t-shirt/7120093/buy
90,4291,Peter England Men Pink Slim Fit Solid Formal Shirt,formal-shirts,"Peter England Men Pink Slim Fit Solid Formal Shirt,  Peter England, Shirts, Topwear, Apparel, Apparel for Men, Buy Peter England Men Pink Slim Fit Solid Formal Shirt Online in India, Buy Shirts at best price",100% Cotton,"https://assets.myntassets.com/h_1440,q_100,w_1080/v1/assets/images/5710186/2018/9/14/c0c72feb-bcd9-45c1-98a3-ae317e5fd8871536917755662-Peter-England-Men-Pink-Slim-Fit-Solid-Formal-Shirt-6221536917755492-1.jpg",Slim fit,1399,5710186,Myntra,https://www.myntra.com/shirts/peter-england/peter-england-men-pink-slim-fit-solid-formal-shirt/5710186/buy
91,13618,Celio Men Navy Blue Printed Round Neck T-shirt,T-Shirts,"Celio Men Navy Blue Printed Round Neck T Shirt,  Celio, Tshirts, Topwear, Apparel, Apparel for Men, Buy Celio Men Navy Blue Printed Round Neck T Shirt Online in India, Buy Tshirts at best price",100% cotton,"https://assets.myntassets.com/h_1440,q_100,w_1080/v1/assets/images/2158210/2017/10/6/11507287499227-Celio-Men-Navy-Blue-Printed-Round-Neck-T-shirt-7541507287499014-1.jpg",The model (height 6') is wearing a size M,499,2158210,Myntra,https://www.myntra.com/tshirts/celio/celio-men-navy-blue-printed-round-neck-t-shirt/2158210/buy
92,410,LUXURAZI Grey Solid Single-Breasted Formal Suit,men-suits,"LUXURAZI Grey Solid Single Breasted Formal Suit,  LUXURAZI, Suits, Apparel Set, Apparel, Apparel for Men, Buy LUXURAZI Grey Solid Single Breasted Formal Suit Online in India, Buy Suits at best price",Wool blend,"https://assets.myntassets.com/h_1440,q_100,w_1080/v1/assets/images/6774707/2018/6/20/864dade2-6973-4d8a-a7eb-58befd12a96d1529488456534-LUXURAZI-Grey-Solid-Single-Breasted-Bandhgala-Suit-7771529488456297-1.jpg",Contemporary fit,13999,6774707,Myntra,https://www.myntra.com/suits/luxurazi/luxurazi-grey-solid-single-breasted-formal-suit/6774707/buy
93,3023,HRX by Hrithik Roshan Men Grey Printed Round Neck T-shirt,T-Shirts,"HRX By Hrithik Roshan Men Grey Printed Round Neck T Shirt,  HRX By Hrithik Roshan, Tshirts, Topwear, Apparel, Apparel for Men, Buy HRX By Hrithik Roshan Men Grey Printed Round Neck T Shirt Online in India, Buy Tshirts at best price",Cotton,"https://assets.myntassets.com/h_1440,q_100,w_1080/v1/assets/images/2428071/2018/6/16/c3e52cb3-8c4b-4801-8334-f128df5ed18c1529140435695-HRX-by-Hrithik-Roshan-Men-Grey-Printed-Round-Neck-T-shirt-83-1.jpg",The model (height 6') is wearing a size M,399,2428071,Myntra,https://www.myntra.com/tshirts/hrx-by-hrithik-roshan/hrx-by-hrithik-roshan-men-grey-printed-round-neck-t-shirt/2428071/buy
94,641,ether Men Olive Green Solid Bomber,men-jackets-coats,"Ether Men Olive Green Solid Bomber,  Ether, Jackets, Topwear, Apparel, Apparel for Men, Buy Ether Men Olive Green Solid Bomber Online in India, Buy Jackets at best price",100% polyester ,"https://assets.myntassets.com/h_1440,q_100,w_1080/v1/assets/images/1852702/2017/8/30/11504095621822-ether-Men-Olive-Green-Solid-Bomber-6411504095621625-1.jpg",The model (height 6') is wearing a size M,1649,1852702,Myntra,https://www.myntra.com/jackets/ether/ether-men-olive-green-solid-bomber/1852702/buy
95,18799,Puma Men Red Team Essential T-shirt,T-Shirts,"Puma Men Red Team Essential T Shirt,  Puma, Tshirts, Topwear, Apparel, Apparel for Men, Buy Puma Men Red Team Essential T Shirt Online in India, Buy Tshirts at best price",100% polyester,"https://assets.myntassets.com/h_1440,q_100,w_1080/v1/assets/images/8172659/2018/12/20/78423af1-4125-4810-9dbe-8153d7dc004c1545282359121-Puma-Men-Red-Team-Essential-T-shirt-1991545282357871-1.jpg",The model (height 6') is wearing a size M,769,8172659,Myntra,https://www.myntra.com/tshirts/puma/puma-men-red-team-essential-t-shirt/8172659/buy
96,4630,Jack & Jones Men Blue Slim Fit Low-Rise Clean Look Stretchable Jeans,Jeans,"Jack & Jones Men Blue Slim Fit Low Rise Clean Look Stretchable Jeans,  Jack & Jones, Jeans, Bottomwear, Apparel, Apparel for Men, Buy Jack & Jones Men Blue Slim Fit Low Rise Clean Look Stretchable Jeans Online in India, Buy Jeans at best price","98% cotton, 2% elastane","https://assets.myntassets.com/h_1440,q_100,w_1080/v1/assets/images/7215338/2018/8/30/d809a62a-66b2-47a5-b33d-662894e550f61535610431937-Jack--Jones-Men-Blue-Slim-Fit-Low-Rise-Clean-Look-Stretchabl-1.jpg",Slim fit,3999,7215338,Myntra,https://www.myntra.com/jeans/jack--jones/jack--jones-men-blue-slim-fit-low-rise-clean-look-stretchable-jeans/7215338/buy
97,2894,Roadster Men Grey Regular Fit Checked Casual Shirt,casual-shirts,"Roadster Men Grey Regular Fit Checked Casual Shirt,  Roadster, Shirts, Topwear, Apparel, Apparel for Men, Buy Roadster Men Grey Regular Fit Checked Casual Shirt Online in India, Buy Shirts at best price",100% cotton ,"https://assets.myntassets.com/h_1440,q_100,w_1080/v1/assets/images/2038064/2017/8/28/11503923827263-Roadster-Men-Grey-Regular-Fit-Checked-Casual-Shirt-3071503923827052-1.jpg",Regular Fit,719,2038064,Myntra,https://www.myntra.com/shirts/roadster/roadster-men-grey-regular-fit-checked-casual-shirt/2038064/buy
98,302,Fort Collins Men Black Solid Bomber Jacket,men-jackets-coats,"Fort Collins Men Black Solid Bomber Jacket,  Fort Collins, Jackets, Topwear, Apparel, Apparel for Men, Buy Fort Collins Men Black Solid Bomber Jacket Online in India, Buy Jackets at best price",Cotton blend,"https://assets.myntassets.com/h_1440,q_100,w_1080/v1/assets/images/2311206/2018/8/30/c0a492ef-9c3a-486b-9731-7aeaf03c66191535609819579-Fort-Collins-Men-Black-Solid-Bomber-Jacket-7211535609819429-1.jpg",The model (height 6') is wearing a size M,1666,2311206,Myntra,https://www.myntra.com/jackets/fort-collins/fort-collins-men-black-solid-bomber-jacket/2311206/buy
99,1522,Puma Men Navy Solid Hybrid Water Repellent Padded Jacket,men-jackets-coats,"Puma Men Navy Solid Hybrid Water Repellent Padded Jacket,  Puma, Jackets, Topwear, Apparel, Apparel for Men, Buy Puma Men Navy Solid Hybrid Water Repellent Padded Jacket Online in India, Buy Jackets at best price",100% polyester,"https://assets.myntassets.com/h_1440,q_100,w_1080/v1/assets/images/7473647/2018/11/26/c5be47a9-a070-4974-a7a6-72d2a5e703d71543224278539-Puma-Men-Navy-Blue-Solid-Water-Repellent-Padded-Jacket-83215-1.jpg",The model (height 6') is wearing a size M,4799,7473647,Myntra,https://www.myntra.com/jackets/puma/puma-men-navy-solid-hybrid-water-repellent-padded-jacket/7473647/buy
100,10071,Ecko Unltd Men Blue Tapered Fit Mid-Rise Clean Look Stretchable Jeans,Jeans,"Ecko Unltd Men Blue Tapered Fit Mid Rise Clean Look Stretchable Jeans,  Ecko Unltd, Jeans, Bottomwear, Apparel, Apparel for Men, Buy Ecko Unltd Men Blue Tapered Fit Mid Rise Clean Look Stretchable Jeans Online in India, Buy Jeans at best price",Cotton and elastane blend,"https://assets.myntassets.com/h_1440,q_100,w_1080/v1/assets/images/4448248/2018/4/14/11523689213062-Ecko-Unltd-Men-Blue-Tapered-Fit-Mid-Rise-Clean-Look-Stretchable-Jeans-5971523689212830-1.jpg",Tapered Fit,1294,4448248,Myntra,https://www.myntra.com/jeans/ecko-unltd/ecko-unltd-men-blue-tapered-fit-mid-rise-clean-look-stretchable-jeans/4448248/buy
101,3446,Roadster Men White & Black Regular Fit Abstract Printed Casual Shirt,casual-shirts,"Roadster Men White & Black Regular Fit Abstract Printed Casual Shirt,  Roadster, Shirts, Topwear, Apparel, Apparel for Men, Buy Roadster Men White & Black Regular Fit Abstract Printed Casual Shirt Online in India, Buy Shirts at best price",100% cotton,"https://assets.myntassets.com/h_1440,q_100,w_1080/v1/assets/images/2508233/2019/1/25/af32643e-1a3d-464c-8862-2cebe2f0313c1548409175611-Roadster-Men-White--Black-Regular-Fit-Abstract-Printed-Casua-1.jpg",Regular fit,519,2508233,Myntra,https://www.myntra.com/shirts/roadster/roadster-men-white--black-regular-fit-abstract-printed-casual-shirt/2508233/buy
102,7436,Indian Terrain Men Charcoal Grey Brooklyn Slim Fit Mid-Rise Clean Look Stretchable Jeans,Jeans,"Indian Terrain Men Charcoal Grey Brooklyn Slim Fit Mid Rise Clean Look Stretchable Jeans,  Indian Terrain, Jeans, Bottomwear, Apparel, Apparel for Men, Buy Indian Terrain Men Charcoal Grey Brooklyn Slim Fit Mid Rise Clean Look Stretchable Jeans Online in India, Buy Jeans at best price",98.5% cotton and 1.5% elastane,"https://assets.myntassets.com/h_1440,q_100,w_1080/v1/assets/images/4619650/2018/8/31/16debd47-c91e-4e57-9391-e822664f21cb1535709800403-Indian-Terrain-Men-Jeans-1881535709800187-1.jpg",Brooklyn slim fit,2124,4619650,Myntra,https://www.myntra.com/jeans/indian-terrain/indian-terrain-men-charcoal-grey-brooklyn-slim-fit-mid-rise-clean-look-stretchable-jeans/4619650/buy
103,16484,Ed Hardy Men Mustard Yellow Printed Round Neck T-shirt,T-Shirts,"Ed Hardy Men Mustard Yellow Printed Round Neck T Shirt,  Ed Hardy, Tshirts, Topwear, Apparel, Apparel for Men, Buy Ed Hardy Men Mustard Yellow Printed Round Neck T Shirt Online in India, Buy Tshirts at best price",100% cotton,"https://assets.myntassets.com/h_1440,q_100,w_1080/v1/assets/images/2476153/2018/7/18/12fb71af-c099-4c14-b4c8-7c9be1d2293e1531904783139-Ed-Hardy-Men-Mustard-Yellow-Printed-Round-Neck-T-shirt-831531904782925-1.jpg",The model (height 6') is wearing a size M,719,2476153,Myntra,https://www.myntra.com/tshirts/ed-hardy/ed-hardy-men-mustard-yellow-printed-round-neck-t-shirt/2476153/buy
104,734,Kook N Keech Star Wars Men White Skinny Crop Fit Mid-Rise Mildly Distressed Jeans,Jeans,"Kook N Keech Star Wars Men White Skinny Crop Fit Mid Rise Mildly Distressed Jeans,  Kook N Keech Star Wars, Jeans, Bottomwear, Apparel, Apparel for Men, Buy Kook N Keech Star Wars Men White Skinny Crop Fit Mid Rise Mildly Distressed Jeans Online in India, Buy Jeans at best price","98% cotton, 2% elastane","https://assets.myntassets.com/h_1440,q_100,w_1080/v1/assets/images/7139417/2019/2/14/201cb6d3-3a6c-4c29-9f9a-82afa9a4ba841550125890018-Kook-N-Keech-Star-Wars-Men-White-Skinny-Crop-Fit-Mid-Rise-Mi-1.jpg",Skinny crop fit,1199,7139417,Myntra,https://www.myntra.com/jeans/kook-n-keech-star-wars/kook-n-keech-star-wars-men-white-skinny-crop-fit-mid-rise-mildly-distressed-jeans/7139417/buy
105,13604,People Men Navy Blue Printed Round Neck T-shirt,T-Shirts,"People Men Navy Blue Printed Round Neck T Shirt,  People, Tshirts, Topwear, Apparel, Apparel for Men, Buy People Men Navy Blue Printed Round Neck T Shirt Online in India, Buy Tshirts at best price",100% Cotton,"https://assets.myntassets.com/h_1440,q_100,w_1080/v1/assets/images/7669093/2018/10/24/910931c7-22d4-4fd0-9a78-a681a994eadb1540365712628-na-7631540365712402-1.jpg",The model (height 6') is wearing a size M,315,7669093,Myntra,https://www.myntra.com/tshirts/people/people-men-navy-blue-printed-round-neck-t-shirt/7669093/buy
106,377,Roadster Men Blue & Black Printed Casual Shirt,casual-shirts,"Roadster Men Blue & Black Printed Casual Shirt,  Roadster, Shirts, Topwear, Apparel, Apparel for Men, Buy Roadster Men Blue & Black Printed Casual Shirt Online in India, Buy Shirts at best price",100% cotton,"https://assets.myntassets.com/h_1440,q_100,w_1080/v1/assets/images/7263010/2018/11/29/bec082f5-c1fb-4d63-8f7b-0b883a2b25561543485581414-Roadster-Men-Blue--Black-Slim-Fit-Printed-Casual-Shirt-7181543485580571-1.jpg",Slim fit,749,7263010,Myntra,https://www.myntra.com/shirts/roadster/roadster-men-blue--black-printed-casual-shirt/7263010/buy
107,8836,HERE&NOW Men Blue Slim Fit Mid-Rise Mildly Distressed Stretchable Cropped Jeans,Jeans,"HERE&NOW Men Blue Slim Fit Mid Rise Mildly Distressed Stretchable Cropped Jeans,  HERE&NOW, Jeans, Bottomwear, Apparel, Apparel for Men, Buy HERE&NOW Men Blue Slim Fit Mid Rise Mildly Distressed Stretchable Cropped Jeans Online in India, Buy Jeans at best price","98.5% cotton, 1.5% elastane","https://assets.myntassets.com/h_1440,q_100,w_1080/v1/assets/images/6747375/2018/10/26/61a9ca3d-9884-4e74-b1fa-68ae36c6677d1540530811595-HERENOW-Men-Blue-Slim-Fit-Mid-Rise-Mildly-Distressed-Stretchable-Jeans-2601540530811462-1.jpg",Slim fit,759,6747375,Myntra,https://www.myntra.com/jeans/herenow/herenow-men-blue-slim-fit-mid-rise-mildly-distressed-stretchable-cropped-jeans/6747375/buy
108,1301,next Men Olive Green Slim Fit Solid Casual Shirt,casual-shirts,"Next Men Olive Green Slim Fit Solid Casual Shirt,  Next, Shirts, Topwear, Apparel, Apparel for Men, Buy Next Men Olive Green Slim Fit Solid Casual Shirt Online in India, Buy Shirts at best price",Cotton,"https://assets.myntassets.com/h_1440,q_100,w_1080/v1/assets/images/6603730/2018/6/1/3dd4b27b-43f1-47a5-b8fa-5c98f82bd34b1527832925873-next-Men-Green-Solid-Shirt-1531527832925747-1.jpg",Slim fit,1424,6603730,Myntra,https://www.myntra.com/shirts/next/next-men-olive-green-slim-fit-solid-casual-shirt/6603730/buy
109,4901,U.S. Polo Assn. Mustard Yellow Slim Casual Trousers,Men-Casual-Trousers,"U.S. Polo Assn. Mustard Yellow Slim Casual Trousers,  U.S. Polo Assn., Trousers, Bottomwear, Apparel, Apparel for Men, Buy U.S. Polo Assn. Mustard Yellow Slim Casual Trousers Online in India, Buy Trousers at best price",,"https://assets.myntassets.com/h_1440,q_100,w_1080/v1/assets/images/556441/2016/5/13/11463136014455-US-Polo-Assn-Mustard-Yellow-Slim-Casual-Trousers-5591463136014182-1.jpg",Slim fit ,1649,556441,Myntra,https://www.myntra.com/trousers/us-polo-assn/us-polo-assn-mustard-yellow-slim-casual-trousers/556441/buy
110,16423,Aeropostale Men Navy Blue & Grey Striped Polo Collar T-shirt,T-Shirts,"Aeropostale Men Navy Blue & Grey Striped Polo Collar T Shirt,  Aeropostale, Tshirts, Topwear, Apparel, Apparel for Men, Buy Aeropostale Men Navy Blue & Grey Striped Polo Collar T Shirt Online in India, Buy Tshirts at best price",Cotton,"https://assets.myntassets.com/h_1440,q_100,w_1080/v1/assets/images/7402913/2018/10/24/745ca8e7-19c9-4861-870e-4ab968a827a71540369561414-Aeropostale-Men-Tshirts-6471540369561318-1.jpg",The model (height 6') is wearing a size M,1799,7402913,Myntra,https://www.myntra.com/tshirts/aeropostale/aeropostale-men-navy-blue--grey-striped-polo-collar-t-shirt/7402913/buy
111,3080,Roadster Men Maroon Printed Polo Collar T-shirt,T-Shirts,"Roadster Men Maroon Printed Polo Collar T Shirt,  Roadster, Tshirts, Topwear, Apparel, Apparel for Men, Buy Roadster Men Maroon Printed Polo Collar T Shirt Online in India, Buy Tshirts at best price",100% cotton,"https://assets.myntassets.com/h_1440,q_100,w_1080/v1/assets/images/7330780/2018/12/12/d90cb3b3-6aa0-48ad-a327-c0964a26b1c81544614686114-Roadster-Men-Maroon-Printed-Polo-Collar-T-shirt-215446146854-1.jpg",The model (height 6') is wearing a size M,499,7330780,Myntra,https://www.myntra.com/tshirts/roadster/roadster-men-maroon-printed-polo-collar-t-shirt/7330780/buy
112,2376,Okane Men Khaki Solid Padded Jacket,men-jackets-coats,"Okane Men Khaki Solid Padded Jacket,  Okane, Jackets, Topwear, Apparel, Apparel for Men, Buy Okane Men Khaki Solid Padded Jacket Online in India, Buy Jackets at best price",Nylon,"https://assets.myntassets.com/h_1440,q_100,w_1080/v1/assets/images/productimage/2019/2/7/d6b7ed77-6028-490d-8ffc-9b293d9570111549538203411-1.jpg",The model (height 6') is wearing a size M,2519,8743757,Myntra,https://www.myntra.com/jackets/okane/okane-men-khaki-solid-padded-jacket/8743757/buy
113,14224,True Blue Men Purple Solid Polo Collar T-shirt,T-Shirts,"True Blue Men Purple Solid Polo Collar T Shirt,  True Blue, Tshirts, Topwear, Apparel, Apparel for Men, Buy True Blue Men Purple Solid Polo Collar T Shirt Online in India, Buy Tshirts at best price",Cotton ,"https://assets.myntassets.com/h_1440,q_100,w_1080/v1/assets/images/2168969/2017/10/11/11507717059217-True-Blue-Men-Purple-Solid-Polo-Collar-T-shirt-3921507717059004-1.jpg",The model (height 6') is wearing a size M,714,2168969,Myntra,https://www.myntra.com/tshirts/true-blue/true-blue-men-purple-solid-polo-collar-t-shirt/2168969/buy
114,9235,Batman by Free Authority Men Black Printed Round Neck T-shirt,T-Shirts,"Batman By Free Authority Men Black Printed Round Neck T Shirt,  Batman, Tshirts, Topwear, Apparel, Apparel for Men, Buy Batman By Free Authority Men Black Printed Round Neck T Shirt Online in India, Buy Tshirts at best price",100% cotton,"https://assets.myntassets.com/h_1440,q_100,w_1080/v1/assets/images/2122569/2017/9/22/11506071402529-Batman-Men-Black-Printed-Round-Neck-T-shirt-1421506071402321-1.jpg",The model (height 6') is wearing a size M,349,2122569,Myntra,https://www.myntra.com/tshirts/batman/batman-by-free-authority-men-black-printed-round-neck-t-shirt/2122569/buy
115,1873,Brown Solid Slim Fit Formal Trouser,Men-Formal-Trousers,"Brown Solid Slim Fit Formal Trouser,  John Players, Trousers, Bottomwear, Apparel, Apparel for Men, Buy Brown Solid Slim Fit Formal Trouser Online in India, Buy Trousers at best price",,"https://assets.myntassets.com/h_1440,q_100,w_1080/v1/assets/images/productimage/2018/11/24/c70eea1d-47e4-46fd-8ee7-c2d80172ad501543045173253-1.jpg",,1999,7941975,Myntra,https://www.myntra.com/trousers/john-players/brown-solid-slim-fit-formal-trouser/7941975/buy
116,13467,People Men Teal Blue & Grey Colourblocked Round Neck T-shirt,T-Shirts,"People Men Teal Blue & Grey Colourblocked Round Neck T Shirt,  People, Tshirts, Topwear, Apparel, Apparel for Men, Buy People Men Teal Blue & Grey Colourblocked Round Neck T Shirt Online in India, Buy Tshirts at best price",Polyester and cotton ,"https://assets.myntassets.com/h_1440,q_100,w_1080/v1/assets/images/2118627/2017/9/13/11505278686096-People-Men-Tshirts-8431505278685890-1.jpg",The model (height 6') is wearing a size M,323,2118627,Myntra,https://www.myntra.com/tshirts/people/people-men-teal-blue--grey-colourblocked-round-neck-t-shirt/2118627/buy
117,5403,Jack & Jones Men Blue Slim Fit Low-Rise Clean Look Stretchable Jeans,Jeans,"Jack & Jones Men Blue Slim Fit Low Rise Clean Look Stretchable Jeans,  Jack & Jones, Jeans, Bottomwear, Apparel, Apparel for Men, Buy Jack & Jones Men Blue Slim Fit Low Rise Clean Look Stretchable Jeans Online in India, Buy Jeans at best price",Cotton and elastane,"https://assets.myntassets.com/h_1440,q_100,w_1080/v1/assets/images/7044175/2018/8/7/79e560d2-13c3-40da-8525-5fa179afb4211533638539411-Jack--Jones-Men-Blue-Slim-Fit-Low-Rise-Clean-Look-Stretchabl-1.jpg",Slim fit,4999,7044175,Myntra,https://www.myntra.com/jeans/jack--jones/jack--jones-men-blue-slim-fit-low-rise-clean-look-stretchable-jeans/7044175/buy
118,897,SWISS MILITARY Men Brown Genuine Leather Wallet,accessories,"SWISS MILITARY Men Brown Genuine Leather Wallet,  SWISS MILITARY, Wallets, Wallets, Accessories, Accessories for Men, Buy SWISS MILITARY Men Brown Genuine Leather Wallet Online in India, Buy Wallets at best price",,"https://assets.myntassets.com/h_1440,q_100,w_1080/v1/assets/images/1070853/2015/11/20/11448000646567-SWISS-MILITARY-Men-Brown-Leather-Wallet-3061448000645982-1.jpg",Height: 8.7 cm,834,1070853,Myntra,https://www.myntra.com/wallets/swiss-military/swiss-military-men-brown-genuine-leather-wallet/1070853/buy
119,1070,Navy Blue Printed Slim Fit Round Neck T-Shirt,T-Shirts,"Navy Blue Printed Slim Fit Round Neck T Shirt,  GAS, Tshirts, Topwear, Apparel, Apparel for Men, Buy Navy Blue Printed Slim Fit Round Neck T Shirt Online in India, Buy Tshirts at best price",,"https://assets.myntassets.com/h_1440,q_100,w_1080/v1/assets/images/productimage/2018/10/23/35091240-bfd3-4202-aa52-bd073cb98b881540319231166-1.jpg",,2990,7680317,Myntra,https://www.myntra.com/tshirts/gas/navy-blue-printed-slim-fit-round-neck-t-shirt/7680317/buy
120,534,Moda Rapido Men Black Camouflage Printed Bomber,men-jackets-coats,"Moda Rapido Men Black Camouflage Printed Bomber,  Moda Rapido, Jackets, Topwear, Apparel, Apparel for Men, Buy Moda Rapido Men Black Camouflage Printed Bomber Online in India, Buy Jackets at best price",Shell: 100% polyester,"https://assets.myntassets.com/h_1440,q_100,w_1080/v1/assets/images/6789075/2018/10/30/5cea6a0f-430c-4328-bc0a-767eecd944f61540884586470-Moda-Rapido-Men-Jackets-9131540884586362-1.jpg",The model (height 6') is wearing a size M,1849,6789075,Myntra,https://www.myntra.com/jackets/moda-rapido/moda-rapido-men-black-camouflage-printed-bomber/6789075/buy
121,10203,HERE&NOW Men Blue Skinny Fit Mid-Rise Cropped Slash Knee Stretchable Jeans,Jeans,"HERE&NOW Men Blue Skinny Fit Mid Rise Cropped Slash Knee Stretchable Jeans,  HERE&NOW, Jeans, Bottomwear, Apparel, Apparel for Men, Buy HERE&NOW Men Blue Skinny Fit Mid Rise Cropped Slash Knee Stretchable Jeans Online in India, Buy Jeans at best price","98% cotton, 2% elastane","https://assets.myntassets.com/h_1440,q_100,w_1080/v1/assets/images/4328780/2018/4/12/11523518036130-HERENOW-Men-Jeans-1931523518036000-1.jpg",Skinny Fit,759,4328780,Myntra,https://www.myntra.com/jeans/herenow/herenow-men-blue-skinny-fit-mid-rise-cropped-slash-knee-stretchable-jeans/4328780/buy
122,1273,Puma Unisex Black Solid Style Military Cap,accessories,"Puma Unisex Black Solid Style Military Cap,  Puma, Caps, Headwear, Accessories, Accessories for Unisex, Buy Puma Unisex Black Solid Style Military Cap Online in India, Buy Caps at best price",,"https://assets.myntassets.com/h_1440,q_100,w_1080/v1/assets/images/2445473/2018/2/13/11518512580193-Style-Military-Cap-4401518512580008-1.jpg",,549,2445473,Myntra,https://www.myntra.com/caps/puma/puma-unisex-black-solid-style-military-cap/2445473/buy
123,20793,Campus Sutra Men Charcoal Colourblocked Round Neck T-shirt,T-Shirts,"Campus Sutra Men Charcoal Colourblocked Round Neck T Shirt,  Campus Sutra, Tshirts, Topwear, Apparel, Apparel for Men, Buy Campus Sutra Men Charcoal Colourblocked Round Neck T Shirt Online in India, Buy Tshirts at best price",Cotton,"https://assets.myntassets.com/h_1440,q_100,w_1080/v1/assets/images/productimage/2018/12/5/5f81fa17-f5ef-4606-a6f3-98696012b22b1544008070974-1.jpg",Regular fit,404,8100525,Myntra,https://www.myntra.com/tshirts/campus-sutra/campus-sutra-men-charcoal-colourblocked-round-neck-t-shirt/8100525/buy
124,8881,Roadster Men Navy Blue Skinny Fit Mid-Rise Clean Look Stretchable Jeans,Jeans,"Roadster Men Navy Blue Skinny Fit Mid Rise Clean Look Stretchable Jeans,  Roadster, Jeans, Bottomwear, Apparel, Apparel for Men, Buy Roadster Men Navy Blue Skinny Fit Mid Rise Clean Look Stretchable Jeans Online in India, Buy Jeans at best price","99% cotton, 1% elastane","https://assets.myntassets.com/h_1440,q_100,w_1080/v1/assets/images/2508388/2018/4/20/11524216214439-Roadster-Men-Navy-Blue-Skinny-Fit-Mid-Rise-Clean-Look-Stretchable-Jeans-801524216214291-1.jpg",Skinny Fit,759,2508388,Myntra,https://www.myntra.com/jeans/roadster/roadster-men-navy-blue-skinny-fit-mid-rise-clean-look-stretchable-jeans/2508388/buy
125,7221,John Pride Men Charcoal Grey Printed Round Neck T-shirt,T-Shirts,"John Pride Men Charcoal Grey Printed Round Neck T Shirt,  John Pride, Tshirts, Topwear, Apparel, Apparel for Men, Buy John Pride Men Charcoal Grey Printed Round Neck T Shirt Online in India, Buy Tshirts at best price",Cotton,"https://assets.myntassets.com/h_1440,q_100,w_1080/v1/assets/images/7125986/2018/8/10/5f0e5914-8eb6-45ee-b9ee-2de782967df51533901459959-John-Pride-Men-Charcoal-Printed-Round-Neck-T-shirt-7751533901459790-1.jpg",The model (height 6') is wearing a size 3XL,659,7125986,Myntra,https://www.myntra.com/tshirts/john-pride/john-pride-men-charcoal-grey-printed-round-neck-t-shirt/7125986/buy
126,16115,FOREVER 21 Men Grey Melange Solid Polo Collar T-shirt,T-Shirts,"FOREVER 21 Men Grey Melange Solid Polo Collar T Shirt,  FOREVER 21, Tshirts, Topwear, Apparel, Apparel for Men, Buy FOREVER 21 Men Grey Melange Solid Polo Collar T Shirt Online in India, Buy Tshirts at best price",Cotton ,"https://assets.myntassets.com/h_1440,q_100,w_1080/v1/assets/images/2408756/2018/1/31/11517379006755-FOREVER-21-Men-Grey-Melange-Solid-Polo-Collar-T-shirt-5031517379006690-1.jpg",The model (height 6') is wearing a size M,1049,2408756,Myntra,https://www.myntra.com/tshirts/forever-21/forever-21-men-grey-melange-solid-polo-collar-t-shirt/2408756/buy
127,2234,Van Heusen Men Blue Contemporary Regular Fit Solid Formal Shirt,formal-shirts,"Van Heusen Men Blue Contemporary Regular Fit Solid Formal Shirt,  Van Heusen, Shirts, Topwear, Apparel, Apparel for Men, Buy Van Heusen Men Blue Contemporary Regular Fit Solid Formal Shirt Online in India, Buy Shirts at best price",Cotton,"https://assets.myntassets.com/h_1440,q_100,w_1080/v1/assets/images/6702216/2018/6/11/b3aed239-4fa5-4ab0-a0d8-21452ad08b5e1528711829837-na-5251528711829567-1.jpg",Contemporary Regular Fit,2182,6702216,Myntra,https://www.myntra.com/shirts/van-heusen/van-heusen-men-blue-contemporary-regular-fit-solid-formal-shirt/6702216/buy
128,494,Black Round Neck Vests,Innerwear & Sleapwear,"Black Round Neck Vests,  Calvin Klein Underwear, Innerwear Vests, Innerwear, Apparel, Apparel for Men, Buy Black Round Neck Vests Online in India, Buy Innerwear Vests at best price",,"https://assets.myntassets.com/h_1440,q_100,w_1080/v1/assets/images/productimage/2018/11/24/7e6dd5b8-a5b0-4992-bd4b-4b3e981dfe401543029130753-1.jpg",,1374,7923151,Myntra,https://www.myntra.com/innerwear-vests/calvin-klein-underwear/black-round-neck-vests/7923151/buy
129,303,U.S. Polo Assn. Men White Slim Fit Solid Chinos,Men-Casual-Trousers,"U.S. Polo Assn. Men White Slim Fit Solid Chinos,  U.S. Polo Assn., Trousers, Bottomwear, Apparel, Apparel for Men, Buy U.S. Polo Assn. Men White Slim Fit Solid Chinos Online in India, Buy Trousers at best price",Cotton and linen blend,"https://assets.myntassets.com/h_1440,q_100,w_1080/v1/assets/images/2364765/2018/4/4/11522831099945-US-Polo-Assn-Men-White-Slim-Fit-Solid-Chinos-9771522831099862-1.jpg",Slim fit,1399,2364765,Myntra,https://www.myntra.com/trousers/us-polo-assn/us-polo-assn-men-white-slim-fit-solid-chinos/2364765/buy
130,752,U.S. Polo Assn. Men Turquoise Blue Solid Polo Collar T-shirt,T-Shirts,"U.S. Polo Assn. Men Turquoise Blue Solid Polo Collar T Shirt,  U.S. Polo Assn., Tshirts, Topwear, Apparel, Apparel for Men, Buy U.S. Polo Assn. Men Turquoise Blue Solid Polo Collar T Shirt Online in India, Buy Tshirts at best price",Cotton,"https://assets.myntassets.com/h_1440,q_100,w_1080/v1/assets/images/7215909/2018/9/19/8d4318e5-83a7-4016-86da-53ff1e1939ad1537352295393-US-Polo-Assn-Denim-Co-Men-Tshirts-6801537352295295-1.jpg",The model (height 6') is wearing a size M,1499,7215909,Myntra,https://www.myntra.com/tshirts/us-polo-assn/us-polo-assn-men-turquoise-blue-solid-polo-collar-t-shirt/7215909/buy
131,1451,United Colors of Benetton Men Tan Textured Leather Belt,accessories,"United Colors Of Benetton Men Tan Textured Leather Belt,  United Colors Of Benetton, Belts, Belts, Accessories, Accessories for Men, Buy United Colors Of Benetton Men Tan Textured Leather Belt Online in India, Buy Belts at best price",Leather,"https://assets.myntassets.com/h_1440,q_100,w_1080/v1/assets/images/6487980/2018/11/20/80996c47-d921-4491-a2e3-a2a730a53e3b1542719025083-United-Colors-of-Benetton-Men-Tan-Textured-Leather-Belt-5001-1.jpg",Width: 3 cm ,620,6487980,Myntra,https://www.myntra.com/belts/united-colors-of-benetton/united-colors-of-benetton-men-tan-textured-leather-belt/6487980/buy
132,10479,Road Rockers Men Navy Blue Skinny Fit Low-Rise Clean Look Stretchable Jeans,Jeans,"Road Rockers Men Navy Blue Skinny Fit Low Rise Clean Look Stretchable Jeans,  Road Rockers, Jeans, Bottomwear, Apparel, Apparel for Men, Buy Road Rockers Men Navy Blue Skinny Fit Low Rise Clean Look Stretchable Jeans Online in India, Buy Jeans at best price",95% Cotton and 5% spandex,"https://assets.myntassets.com/h_1440,q_100,w_1080/v1/assets/images/productimage/2019/2/7/746d6974-2928-4600-a00a-8bcb6ddec06f1549524137875-1.jpg",Skinny Fit,1799,8742317,Myntra,https://www.myntra.com/jeans/road-rockers/road-rockers-men-navy-blue-skinny-fit-low-rise-clean-look-stretchable-jeans/8742317/buy
133,1570,Moda Rapido Men Navy Blue Printed Round Neck Styled Back T-shirt,T-Shirts,"Moda Rapido Men Navy Blue Printed Round Neck Styled Back T Shirt,  Moda Rapido, Tshirts, Topwear, Apparel, Apparel for Men, Buy Moda Rapido Men Navy Blue Printed Round Neck Styled Back T Shirt Online in India, Buy Tshirts at best price",100% cotton,"https://assets.myntassets.com/h_1440,q_100,w_1080/v1/assets/images/8396707/2019/2/5/ffd2c8ac-e032-4ef7-8876-624547b2db2b1549358596963-Moda-Rapido-Men-Navy-Blue-Printed-Round-Neck-T-shirt-1315493-1.jpg",The model (height 6') is wearing a size M,699,8396707,Myntra,https://www.myntra.com/tshirts/moda-rapido/moda-rapido-men-navy-blue-printed-round-neck-styled-back-t-shirt/8396707/buy
134,8493,ether Men White Solid Round Neck T-shirt,T-Shirts,"Ether Men White Solid Round Neck T Shirt,  Ether, Tshirts, Topwear, Apparel, Apparel for Men, Buy Ether Men White Solid Round Neck T Shirt Online in India, Buy Tshirts at best price",Cotton and elastane ,"https://assets.myntassets.com/h_1440,q_100,w_1080/v1/assets/images/2325470/2018/3/19/11521444396371-ether-Men-White-Solid-Round-Neck-T-shirt-8911521444396262-1.jpg",The model (height 6') is wearing a size M,359,2325470,Myntra,https://www.myntra.com/tshirts/ether/ether-men-white-solid-round-neck-t-shirt/2325470/buy
135,291,Adidas Unisex Grey Solid Beanie,accessories,"Adidas Unisex Grey Solid Beanie,  ADIDAS, Caps, Headwear, Accessories, Accessories for Unisex, Buy Adidas Unisex Grey Solid Beanie Online in India, Buy Caps at best price",,"https://assets.myntassets.com/h_1440,q_100,w_1080/v1/assets/images/7819431/2018/12/13/587dddc9-d978-4ca4-a6c3-e494256d06731544704713784-Adidas-Unisex-Caps-1591544704713404-1.jpg",,1119,7819431,Myntra,https://www.myntra.com/caps/adidas/adidas-unisex-grey-solid-beanie/7819431/buy
136,765,Roadster Men White Solid Round Neck T-shirt,T-Shirts,"Roadster Men White Solid Round Neck T Shirt,  Roadster, Tshirts, Topwear, Apparel, Apparel for Men, Buy Roadster Men White Solid Round Neck T Shirt Online in India, Buy Tshirts at best price",100% cotton,"https://assets.myntassets.com/h_1440,q_100,w_1080/v1/assets/images/2275365/2018/2/2/11517569167995-Roadster-Men-White-Solid-Round-Neck-T-shirt-3961517569167870-1.jpg",The model (height 6') is wearing a size M,299,2275365,Myntra,https://www.myntra.com/tshirts/roadster/roadster-men-white-solid-round-neck-t-shirt/2275365/buy
137,2826,Harley-Davidson Men Brown Printed Baseball Cap,accessories,"Harley Davidson Men Brown Printed Baseball Cap,  Harley Davidson, Caps, Headwear, Accessories, Accessories for Men, Buy Harley Davidson Men Brown Printed Baseball Cap Online in India, Buy Caps at best price",,"https://assets.myntassets.com/h_1440,q_100,w_1080/v1/assets/images/8015537/2018/12/24/f3cb192d-116d-42d0-b269-95458e766d621545653469067-Harley-Davidson-Men-Brown-Printed-Baseball-Cap-5515456534682-1.jpg",,1444,8015537,Myntra,https://www.myntra.com/caps/harley-davidson/harley-davidson-men-brown-printed-baseball-cap/8015537/buy
138,102,WROGN Men Charcoal Grey Jogger Trousers,Men-Casual-Trousers,"WROGN Men Charcoal Grey Jogger Trousers,  WROGN, Trousers, Bottomwear, Apparel, Apparel for Men, Buy WROGN Men Charcoal Grey Jogger Trousers Online in India, Buy Trousers at best price","92% polyester, 8% elastane","https://assets.myntassets.com/h_1440,q_100,w_1080/v1/assets/images/6832538/2018/11/22/de53bd62-5d4e-4995-8918-d29ba8607a931542871586585-WROGN-Men-Charcoal-Grey-JoggerTrousers-1061542871586468-1.jpg",The model (height 6') is wearing a size 32,999,6832538,Myntra,https://www.myntra.com/trousers/wrogn/wrogn-men-charcoal-grey-jogger-trousers/6832538/buy
139,2736,Blackberrys Men Coffee Brown Regular Fit Self Design Formal Trousers,Men-Formal-Trousers,"Blackberrys Men Coffee Brown Regular Fit Self Design Formal Trousers,  Blackberrys, Trousers, Bottomwear, Apparel, Apparel for Men, Buy Blackberrys Men Coffee Brown Regular Fit Self Design Formal Trousers Online in India, Buy Trousers at best price","80% Polyester, 20% rayon","https://assets.myntassets.com/h_1440,q_100,w_1080/v1/assets/images/4372001/2018/4/13/11523602835272-Blackberrys-Men-Trousers-9871523602835098-1.jpg",Regular Fit,997,4372001,Myntra,https://www.myntra.com/trousers/blackberrys/blackberrys-men-coffee-brown-regular-fit-self-design-formal-trousers/4372001/buy
140,1140,HIGHLANDER Men Red & Navy Blue Slim Fit Checked Casual Shirt,casual-shirts,"HIGHLANDER Men Red & Navy Blue Slim Fit Checked Casual Shirt,  HIGHLANDER, Shirts, Topwear, Apparel, Apparel for Men, Buy HIGHLANDER Men Red & Navy Blue Slim Fit Checked Casual Shirt Online in India, Buy Shirts at best price",Cotton,"https://assets.myntassets.com/h_1440,q_100,w_1080/v1/assets/images/2256563/2018/2/7/11517989816564-HIGHLANDER-Men-Red--Navy-Blue-Slim-Fit-Checked-Casual-Shirt-751517989816389-1.jpg",Slim fit,499,2256563,Myntra,https://www.myntra.com/shirts/highlander/highlander-men-red--navy-blue-slim-fit-checked-casual-shirt/2256563/buy
141,10261,Ed Hardy Men Blue Slim Fit Low Distressed Stretchable Jeans,Jeans,"Ed Hardy Men Blue Slim Fit Low Distressed Stretchable Jeans,  Ed Hardy, Jeans, Bottomwear, Apparel, Apparel for Men, Buy Ed Hardy Men Blue Slim Fit Low Distressed Stretchable Jeans Online in India, Buy Jeans at best price",Cotton and elastane blend,"https://assets.myntassets.com/h_1440,q_100,w_1080/v1/assets/images/1830588/2017/4/7/11491548680224-Ed-Hardy-Men-Blue-Regular-Fit-Mid-Rise-Low-Distress-Jeans-9621491548680117-1.jpg","Slim fit, mid-rise",1699,1830588,Myntra,https://www.myntra.com/jeans/ed-hardy/ed-hardy-men-blue-slim-fit-low-distressed-stretchable-jeans/1830588/buy
142,4064,WROGN Men Blue Slim Fit Mid-Rise Clean Look Stretchable Jeans,Jeans,"WROGN Men Blue Slim Fit Mid Rise Clean Look Stretchable Jeans,  WROGN, Jeans, Bottomwear, Apparel, Apparel for Men, Buy WROGN Men Blue Slim Fit Mid Rise Clean Look Stretchable Jeans Online in India, Buy Jeans at best price","98% cotton, 2% elastane","https://assets.myntassets.com/h_1440,q_100,w_1080/v1/assets/images/6832422/2018/8/17/4ade86d4-ea33-4f5b-9ee6-ced7732781fc1534504170306-WROGN-Men-Navy-Blue-Slim-Fit-Mid-Rise-Clean-Look-Stretchable-1.jpg",Slim fit,1399,6832422,Myntra,https://www.myntra.com/jeans/wrogn/wrogn-men-blue-slim-fit-mid-rise-clean-look-stretchable-jeans/6832422/buy
143,7302,Integriti Men Khaki Slim Fit Mid-Rise Clean Look Jeans,Jeans,"Integriti Men Khaki Slim Fit Mid Rise Clean Look Jeans,  Integriti, Jeans, Bottomwear, Apparel, Apparel for Men, Buy Integriti Men Khaki Slim Fit Mid Rise Clean Look Jeans Online in India, Buy Jeans at best price",Cotton,"https://assets.myntassets.com/h_1440,q_100,w_1080/v1/assets/images/8239063/2018/12/28/4102e80e-d4c0-45f6-b5b2-c280c4bf14fa1545979889662-Integriti-Men-Khaki-Slim-Fit-Mid-Rise-Clean-Look-Jeans-95815-1.jpg",Slim fit,959,8239063,Myntra,https://www.myntra.com/jeans/integriti/integriti-men-khaki-slim-fit-mid-rise-clean-look-jeans/8239063/buy
144,2255,aLL Men Pink Regular Fit Printed Formal Shirt,formal-shirts,"ALL Men Pink Regular Fit Printed Formal Shirt,  ALL, Shirts, Topwear, Apparel, Apparel for Men, Buy ALL Men Pink Regular Fit Printed Formal Shirt Online in India, Buy Shirts at best price",Cotton,"https://assets.myntassets.com/h_1440,q_100,w_1080/v1/assets/images/5125031/2018/8/3/51d68378-5500-4c6e-a339-b8df75ad0ad21533292735142-aLL-Men-Pink-Regular-Fit-Printed-Formal-Shirt-27715332927333-1.jpg",Regular Fit,1349,5125031,Myntra,https://www.myntra.com/shirts/all/all-men-pink-regular-fit-printed-formal-shirt/5125031/buy
145,150,Raymond Men Black Single-Breasted Regular Contemporary Fit Party Suit,men-suits,"Raymond Men Black Single Breasted Regular Contemporary Fit Party Suit,  Raymond, Suits, Apparel Set, Apparel, Apparel for Men, Buy Raymond Men Black Single Breasted Regular Contemporary Fit Party Suit Online in India, Buy Suits at best price","65% terylene, 35% rayon","https://assets.myntassets.com/h_1440,q_100,w_1080/v1/assets/images/2392414/2018/2/9/11518169784585-Raymond-Black-Single-Breasted-Contemporary-Fit-Formal-Suits-4791518169784407-1.jpg",Regular Contemporary fit,3999,2392414,Myntra,https://www.myntra.com/suits/raymond/raymond-men-black-single-breasted-regular-contemporary-fit-party-suit/2392414/buy
146,11436,Moda Rapido Men Blue Slim Tapered Fit Cropped Mid-Rise Clean Look Stretchable Jeans,Jeans,"Moda Rapido Men Blue Slim Tapered Fit Cropped Mid Rise Clean Look Stretchable Jeans,  Moda Rapido, Jeans, Bottomwear, Apparel, Apparel for Men, Buy Moda Rapido Men Blue Slim Tapered Fit Cropped Mid Rise Clean Look Stretchable Jeans Online in India, Buy Jeans at best price","98% cotton, 2% elastane","https://assets.myntassets.com/h_1440,q_100,w_1080/v1/assets/images/2201250/2017/11/6/11509942643078-Moda-Rapido-Men-Blue-Tapered-Fit-Mid-Rise-Clean-Look-Stretchable-Jeans-7261509942642915-1.jpg",Slim tapered Fit,719,2201250,Myntra,https://www.myntra.com/jeans/moda-rapido/moda-rapido-men-blue-slim-tapered-fit-cropped-mid-rise-clean-look-stretchable-jeans/2201250/buy
147,1475,Nike Men Black Standard Fit AS M NK Sporty Jacket,men-jackets-coats,"Nike Men Black Standard Fit AS M NK Sporty Jacket,  Nike, Jackets, Topwear, Apparel, Apparel for Men, Buy Nike Men Black Standard Fit AS M NK Sporty Jacket Online in India, Buy Jackets at best price",100% polyester,"https://assets.myntassets.com/h_1440,q_100,w_1080/v1/assets/images/7500690/2018/10/5/c2df6d8e-51ea-4cde-a305-0a3485d7095e1538739573108-Nike-Men-Black-Standard-Fit-AS-M-NK-Sporty-Jacket-1451538739-1.jpg",Standard fit,3436,7500690,Myntra,https://www.myntra.com/jackets/nike/nike-men-black-standard-fit-as-m-nk-sporty-jacket/7500690/buy
148,1121,JUMP USA Men Olive Green Solid Lightweight Bomber,men-jackets-coats,"JUMP USA Men Olive Green Solid Lightweight Bomber,  JUMP USA, Jackets, Topwear, Apparel, Apparel for Men, Buy JUMP USA Men Olive Green Solid Lightweight Bomber Online in India, Buy Jackets at best price",Polyester,"https://assets.myntassets.com/h_1440,q_100,w_1080/v1/assets/images/productimage/2019/1/2/0e232f2b-8b27-47cf-b906-425538c002c81546367534283-1.jpg",The model (height 6') is wearing a size M,1599,8370387,Myntra,https://www.myntra.com/jackets/jump-usa/jump-usa-men-olive-green-solid-lightweight-bomber/8370387/buy
149,9770,SPYKAR Men Navy Blue Rovers Tapered Fit Low-Rise Clean Look Jeans,Jeans,"SPYKAR Men Navy Blue Rovers Tapered Fit Low Rise Clean Look Jeans,  SPYKAR, Jeans, Bottomwear, Apparel, Apparel for Men, Buy SPYKAR Men Navy Blue Rovers Tapered Fit Low Rise Clean Look Jeans Online in India, Buy Jeans at best price",Cotton,"https://assets.myntassets.com/h_1440,q_100,w_1080/v1/assets/images/6519245/2018/12/14/e241d256-b8fe-42dd-b842-0d0bbd659f681544782609896-SPYKAR-Men-Jeans-411544782608381-1.jpg",Rovers Tapered Fit,1349,6519245,Myntra,https://www.myntra.com/jeans/spykar/spykar-men-navy-blue-rovers-tapered-fit-low-rise-clean-look-jeans/6519245/buy
